case,year,Scenario,TechSensitivity,capacity_revenue
currentpolicy_doublezcfcost,2030,Current Policy (CP),Doubled ZCF Fuel Price,7530217.99881126
currentpolicy_doublezcfcost,2040,Current Policy (CP),Doubled ZCF Fuel Price,4462426.006149182
currentpolicy_doublezcfcost,2050,Current Policy (CP),Doubled ZCF Fuel Price,6347432.061051731
currentpolicy_highngcost,2030,Current Policy (CP),High NatGas Price,3576277.9757653098
currentpolicy_highngcost,2040,Current Policy (CP),High NatGas Price,2579275.0143060666
currentpolicy_highngcost,2050,Current Policy (CP),High NatGas Price,4706877.810188201
currentpolicy_highrecost,2030,Current Policy (CP),High RE/BESS Cost,33114345.99266538
currentpolicy_highrecost,2040,Current Policy (CP),High RE/BESS Cost,9110753.433528556
currentpolicy_highrecost,2050,Current Policy (CP),High RE/BESS Cost,7204912.71920034
currentpolicy_lowngcost,2030,Current Policy (CP),Low NatGas Price,30421016.043386742
currentpolicy_lowngcost,2040,Current Policy (CP),Low NatGas Price,7674668.678608151
currentpolicy_lowngcost,2050,Current Policy (CP),Low NatGas Price,8641718.718888225
currentpolicy_lowrecost,2030,Current Policy (CP),Low RE/BESS Cost,3383357.728811226
currentpolicy_lowrecost,2040,Current Policy (CP),Low RE/BESS Cost,1899961.02272845
currentpolicy_lowrecost,2050,Current Policy (CP),Low RE/BESS Cost,2581384.1219028477
currentpolicy_mid,2030,Current Policy (CP),Mid,7530065.703396259
currentpolicy_mid,2040,Current Policy (CP),Mid,4775809.632018263
currentpolicy_mid,2050,Current Policy (CP),Mid,4935093.12139412
currentpolicy_noflexibleload,2030,Current Policy (CP),No Flexible Load,4243158.602983359
currentpolicy_noflexibleload,2040,Current Policy (CP),No Flexible Load,2791753.598558182
currentpolicy_noflexibleload,2050,Current Policy (CP),No Flexible Load,13468048.38207763
currentpolicy_nointertrans,2030,Current Policy (CP),No Interregional Transmission Upgrade,13569774.158532241
currentpolicy_nointertrans,2040,Current Policy (CP),No Interregional Transmission Upgrade,3755118.3975911187
currentpolicy_nointertrans,2050,Current Policy (CP),No Interregional Transmission Upgrade,13069637.420520842
deepdecarbonization_dgsolar_doublezcfcost,2030,DD + High Solar,Doubled ZCF Fuel Price,2140454.403230864
deepdecarbonization_dgsolar_doublezcfcost,2040,DD + High Solar,Doubled ZCF Fuel Price,3654489.0291317785
deepdecarbonization_dgsolar_doublezcfcost,2050,DD + High Solar,Doubled ZCF Fuel Price,5771348.632302701
deepdecarbonization_dgsolar_highngcost,2030,DD + High Solar,High NatGas Price,1503229.934652152
deepdecarbonization_dgsolar_highngcost,2040,DD + High Solar,High NatGas Price,3753084.456961656
deepdecarbonization_dgsolar_highngcost,2050,DD + High Solar,High NatGas Price,4262919.225128045
deepdecarbonization_dgsolar_highrecost,2030,DD + High Solar,High RE/BESS Cost,4608137.5596619435
deepdecarbonization_dgsolar_highrecost,2040,DD + High Solar,High RE/BESS Cost,919870.5788756903
deepdecarbonization_dgsolar_highrecost,2050,DD + High Solar,High RE/BESS Cost,743398.5590481366
deepdecarbonization_dgsolar_instaterps_doublezcfcost,2030,DD + High Solar + 80% Instate,Doubled ZCF Fuel Price,2140476.485067928
deepdecarbonization_dgsolar_instaterps_doublezcfcost,2040,DD + High Solar + 80% Instate,Doubled ZCF Fuel Price,3654498.323443907
deepdecarbonization_dgsolar_instaterps_doublezcfcost,2050,DD + High Solar + 80% Instate,Doubled ZCF Fuel Price,5772623.539342499
deepdecarbonization_dgsolar_instaterps_highngcost,2030,DD + High Solar + 80% Instate,High NatGas Price,1503131.656047896
deepdecarbonization_dgsolar_instaterps_highngcost,2040,DD + High Solar + 80% Instate,High NatGas Price,3753084.6815454066
deepdecarbonization_dgsolar_instaterps_highngcost,2050,DD + High Solar + 80% Instate,High NatGas Price,4299534.820395886
deepdecarbonization_dgsolar_instaterps_highrecost,2030,DD + High Solar + 80% Instate,High RE/BESS Cost,4608156.77553728
deepdecarbonization_dgsolar_instaterps_highrecost,2040,DD + High Solar + 80% Instate,High RE/BESS Cost,919850.3663381633
deepdecarbonization_dgsolar_instaterps_highrecost,2050,DD + High Solar + 80% Instate,High RE/BESS Cost,748558.0435480586
deepdecarbonization_dgsolar_instaterps_lowngcost,2030,DD + High Solar + 80% Instate,Low NatGas Price,2163921.285958712
deepdecarbonization_dgsolar_instaterps_lowngcost,2040,DD + High Solar + 80% Instate,Low NatGas Price,1286940.7121482359
deepdecarbonization_dgsolar_instaterps_lowngcost,2050,DD + High Solar + 80% Instate,Low NatGas Price,2839800.598215582
deepdecarbonization_dgsolar_instaterps_lowrecost,2030,DD + High Solar + 80% Instate,Low RE/BESS Cost,2774218.949464704
deepdecarbonization_dgsolar_instaterps_lowrecost,2040,DD + High Solar + 80% Instate,Low RE/BESS Cost,5007316.981748604
deepdecarbonization_dgsolar_instaterps_lowrecost,2050,DD + High Solar + 80% Instate,Low RE/BESS Cost,10640153.996973753
deepdecarbonization_dgsolar_instaterps_mid,2030,DD + High Solar + 80% Instate,Mid,2140476.485067928
deepdecarbonization_dgsolar_instaterps_mid,2040,DD + High Solar + 80% Instate,Mid,2254101.874048924
deepdecarbonization_dgsolar_instaterps_mid,2050,DD + High Solar + 80% Instate,Mid,3079946.7607057737
deepdecarbonization_dgsolar_instaterps_noflexibleload,2030,DD + High Solar + 80% Instate,No Flexible Load,1167441.49913972
deepdecarbonization_dgsolar_instaterps_noflexibleload,2040,DD + High Solar + 80% Instate,No Flexible Load,2958481.0621338757
deepdecarbonization_dgsolar_instaterps_noflexibleload,2050,DD + High Solar + 80% Instate,No Flexible Load,10752017.007531047
deepdecarbonization_dgsolar_instaterps_nointertrans,2030,DD + High Solar + 80% Instate,No Interregional Transmission Upgrade,3034087.133335608
deepdecarbonization_dgsolar_instaterps_nointertrans,2040,DD + High Solar + 80% Instate,No Interregional Transmission Upgrade,2834027.6313916687
deepdecarbonization_dgsolar_instaterps_nointertrans,2050,DD + High Solar + 80% Instate,No Interregional Transmission Upgrade,2935009.7729606023
deepdecarbonization_dgsolar_lowngcost,2030,DD + High Solar,Low NatGas Price,2163932.0333151924
deepdecarbonization_dgsolar_lowngcost,2040,DD + High Solar,Low NatGas Price,1286489.1433290748
deepdecarbonization_dgsolar_lowngcost,2050,DD + High Solar,Low NatGas Price,2832343.295302203
deepdecarbonization_dgsolar_lowrecost,2030,DD + High Solar,Low RE/BESS Cost,2774182.3785989042
deepdecarbonization_dgsolar_lowrecost,2040,DD + High Solar,Low RE/BESS Cost,5007359.739039526
deepdecarbonization_dgsolar_lowrecost,2050,DD + High Solar,Low RE/BESS Cost,10639882.961110968
deepdecarbonization_dgsolar_mid,2030,DD + High Solar,Mid,2140454.403230864
deepdecarbonization_dgsolar_mid,2040,DD + High Solar,Mid,2254223.9957820675
deepdecarbonization_dgsolar_mid,2050,DD + High Solar,Mid,3079927.917042952
deepdecarbonization_dgsolar_noflexibleload,2030,DD + High Solar,No Flexible Load,1167560.625625296
deepdecarbonization_dgsolar_noflexibleload,2040,DD + High Solar,No Flexible Load,2958460.2103964435
deepdecarbonization_dgsolar_noflexibleload,2050,DD + High Solar,No Flexible Load,10752166.601214746
deepdecarbonization_dgsolar_nointertrans,2030,DD + High Solar,No Interregional Transmission Upgrade,3033871.3901055283
deepdecarbonization_dgsolar_nointertrans,2040,DD + High Solar,No Interregional Transmission Upgrade,2833993.7710723924
deepdecarbonization_dgsolar_nointertrans,2050,DD + High Solar,No Interregional Transmission Upgrade,2935190.9692828264
deepdecarbonization_dgsolar_nuclear_doublezcfcost,2030,DD + High Solar + Nuclear,Doubled ZCF Fuel Price,2140454.403230864
deepdecarbonization_dgsolar_nuclear_doublezcfcost,2040,DD + High Solar + Nuclear,Doubled ZCF Fuel Price,3654496.7686333274
deepdecarbonization_dgsolar_nuclear_doublezcfcost,2050,DD + High Solar + Nuclear,Doubled ZCF Fuel Price,5768431.213501705
deepdecarbonization_dgsolar_nuclear_highngcost,2030,DD + High Solar + Nuclear,High NatGas Price,1503229.934652152
deepdecarbonization_dgsolar_nuclear_highngcost,2040,DD + High Solar + Nuclear,High NatGas Price,3753148.8433952993
deepdecarbonization_dgsolar_nuclear_highngcost,2050,DD + High Solar + Nuclear,High NatGas Price,4262707.91196299
deepdecarbonization_dgsolar_nuclear_highrecost,2030,DD + High Solar + Nuclear,High RE/BESS Cost,4608284.081955289
deepdecarbonization_dgsolar_nuclear_highrecost,2040,DD + High Solar + Nuclear,High RE/BESS Cost,920060.403971713
deepdecarbonization_dgsolar_nuclear_highrecost,2050,DD + High Solar + Nuclear,High RE/BESS Cost,743525.4648674632
deepdecarbonization_dgsolar_nuclear_instaterps_doublezcfcost,2030,DD + High Solar + Nuclear + 80% Instate,Doubled ZCF Fuel Price,2140476.485067928
deepdecarbonization_dgsolar_nuclear_instaterps_doublezcfcost,2040,DD + High Solar + Nuclear + 80% Instate,Doubled ZCF Fuel Price,3654478.78465763
deepdecarbonization_dgsolar_nuclear_instaterps_doublezcfcost,2050,DD + High Solar + Nuclear + 80% Instate,Doubled ZCF Fuel Price,5771443.558138566
deepdecarbonization_dgsolar_nuclear_instaterps_highngcost,2030,DD + High Solar + Nuclear + 80% Instate,High NatGas Price,1503131.656047896
deepdecarbonization_dgsolar_nuclear_instaterps_highngcost,2040,DD + High Solar + Nuclear + 80% Instate,High NatGas Price,3753171.8891432155
deepdecarbonization_dgsolar_nuclear_instaterps_highngcost,2050,DD + High Solar + Nuclear + 80% Instate,High NatGas Price,4303042.123670585
deepdecarbonization_dgsolar_nuclear_instaterps_highrecost,2030,DD + High Solar + Nuclear + 80% Instate,High RE/BESS Cost,4608156.77553728
deepdecarbonization_dgsolar_nuclear_instaterps_highrecost,2040,DD + High Solar + Nuclear + 80% Instate,High RE/BESS Cost,919849.7098625855
deepdecarbonization_dgsolar_nuclear_instaterps_highrecost,2050,DD + High Solar + Nuclear + 80% Instate,High RE/BESS Cost,748981.5896564559
deepdecarbonization_dgsolar_nuclear_instaterps_lowngcost,2030,DD + High Solar + Nuclear + 80% Instate,Low NatGas Price,2163921.285958712
deepdecarbonization_dgsolar_nuclear_instaterps_lowngcost,2040,DD + High Solar + Nuclear + 80% Instate,Low NatGas Price,1286634.9327343658
deepdecarbonization_dgsolar_nuclear_instaterps_lowngcost,2050,DD + High Solar + Nuclear + 80% Instate,Low NatGas Price,2839779.5848193695
deepdecarbonization_dgsolar_nuclear_instaterps_lowrecost,2030,DD + High Solar + Nuclear + 80% Instate,Low RE/BESS Cost,2774218.949464704
deepdecarbonization_dgsolar_nuclear_instaterps_lowrecost,2040,DD + High Solar + Nuclear + 80% Instate,Low RE/BESS Cost,5007305.683458397
deepdecarbonization_dgsolar_nuclear_instaterps_lowrecost,2050,DD + High Solar + Nuclear + 80% Instate,Low RE/BESS Cost,10639844.920024447
deepdecarbonization_dgsolar_nuclear_instaterps_mid,2030,DD + High Solar + Nuclear + 80% Instate,Mid,2140476.485067928
deepdecarbonization_dgsolar_nuclear_instaterps_mid,2040,DD + High Solar + Nuclear + 80% Instate,Mid,2254273.283277422
deepdecarbonization_dgsolar_nuclear_instaterps_mid,2050,DD + High Solar + Nuclear + 80% Instate,Mid,3079457.0141448863
deepdecarbonization_dgsolar_nuclear_instaterps_noflexibleload,2030,DD + High Solar + Nuclear + 80% Instate,No Flexible Load,1167441.49913972
deepdecarbonization_dgsolar_nuclear_instaterps_noflexibleload,2040,DD + High Solar + Nuclear + 80% Instate,No Flexible Load,2958465.9113685666
deepdecarbonization_dgsolar_nuclear_instaterps_noflexibleload,2050,DD + High Solar + Nuclear + 80% Instate,No Flexible Load,10752323.69462908
deepdecarbonization_dgsolar_nuclear_instaterps_nointertrans,2030,DD + High Solar + Nuclear + 80% Instate,No Interregional Transmission Upgrade,3034087.133335608
deepdecarbonization_dgsolar_nuclear_instaterps_nointertrans,2040,DD + High Solar + Nuclear + 80% Instate,No Interregional Transmission Upgrade,2833950.9792301236
deepdecarbonization_dgsolar_nuclear_instaterps_nointertrans,2050,DD + High Solar + Nuclear + 80% Instate,No Interregional Transmission Upgrade,2934976.330765507
deepdecarbonization_dgsolar_nuclear_lowngcost,2030,DD + High Solar + Nuclear,Low NatGas Price,2163932.0333151924
deepdecarbonization_dgsolar_nuclear_lowngcost,2040,DD + High Solar + Nuclear,Low NatGas Price,1286391.1729869249
deepdecarbonization_dgsolar_nuclear_lowngcost,2050,DD + High Solar + Nuclear,Low NatGas Price,2832421.4292883454
deepdecarbonization_dgsolar_nuclear_lowrecost,2030,DD + High Solar + Nuclear,Low RE/BESS Cost,2774182.3785989042
deepdecarbonization_dgsolar_nuclear_lowrecost,2040,DD + High Solar + Nuclear,Low RE/BESS Cost,5007432.797861067
deepdecarbonization_dgsolar_nuclear_lowrecost,2050,DD + High Solar + Nuclear,Low RE/BESS Cost,10640955.729184506
deepdecarbonization_dgsolar_nuclear_mid,2030,DD + High Solar + Nuclear,Mid,2140454.403230864
deepdecarbonization_dgsolar_nuclear_mid,2040,DD + High Solar + Nuclear,Mid,2254177.4896700825
deepdecarbonization_dgsolar_nuclear_mid,2050,DD + High Solar + Nuclear,Mid,3080111.0944260983
deepdecarbonization_dgsolar_nuclear_noflexibleload,2030,DD + High Solar + Nuclear,No Flexible Load,1167560.625625296
deepdecarbonization_dgsolar_nuclear_noflexibleload,2040,DD + High Solar + Nuclear,No Flexible Load,2958448.87755489
deepdecarbonization_dgsolar_nuclear_noflexibleload,2050,DD + High Solar + Nuclear,No Flexible Load,10752048.162072457
deepdecarbonization_dgsolar_nuclear_nointertrans,2030,DD + High Solar + Nuclear,No Interregional Transmission Upgrade,3033871.3901055283
deepdecarbonization_dgsolar_nuclear_nointertrans,2040,DD + High Solar + Nuclear,No Interregional Transmission Upgrade,2834133.5485434444
deepdecarbonization_dgsolar_nuclear_nointertrans,2050,DD + High Solar + Nuclear,No Interregional Transmission Upgrade,2935708.0733516896
deepdecarbonization_doublezcfcost,2030,Deep Decarbonization (DD),Doubled ZCF Fuel Price,3557417.9256169247
deepdecarbonization_doublezcfcost,2040,Deep Decarbonization (DD),Doubled ZCF Fuel Price,1587645.632042558
deepdecarbonization_doublezcfcost,2050,Deep Decarbonization (DD),Doubled ZCF Fuel Price,2614446.7554871812
deepdecarbonization_highngcost,2030,Deep Decarbonization (DD),High NatGas Price,2105373.023481561
deepdecarbonization_highngcost,2040,Deep Decarbonization (DD),High NatGas Price,1658652.6262698502
deepdecarbonization_highngcost,2050,Deep Decarbonization (DD),High NatGas Price,1339014.212011019
deepdecarbonization_highrecost,2030,Deep Decarbonization (DD),High RE/BESS Cost,3947202.9787845206
deepdecarbonization_highrecost,2040,Deep Decarbonization (DD),High RE/BESS Cost,448687.6857480024
deepdecarbonization_highrecost,2050,Deep Decarbonization (DD),High RE/BESS Cost,236072.54179126798
deepdecarbonization_instaterps_doublezcfcost,2030,DD + 80% Instate,Doubled ZCF Fuel Price,3557757.482339034
deepdecarbonization_instaterps_doublezcfcost,2040,DD + 80% Instate,Doubled ZCF Fuel Price,1590275.6700137998
deepdecarbonization_instaterps_doublezcfcost,2050,DD + 80% Instate,Doubled ZCF Fuel Price,3593700.4356981604
deepdecarbonization_instaterps_highngcost,2030,DD + 80% Instate,High NatGas Price,2105335.6573465033
deepdecarbonization_instaterps_highngcost,2040,DD + 80% Instate,High NatGas Price,1662978.3017520658
deepdecarbonization_instaterps_highngcost,2050,DD + 80% Instate,High NatGas Price,1368759.1262538412
deepdecarbonization_instaterps_highrecost,2030,DD + 80% Instate,High RE/BESS Cost,3947391.863785389
deepdecarbonization_instaterps_highrecost,2040,DD + 80% Instate,High RE/BESS Cost,420684.16423562926
deepdecarbonization_instaterps_highrecost,2050,DD + 80% Instate,High RE/BESS Cost,182924.02574726113
deepdecarbonization_instaterps_lowngcost,2030,DD + 80% Instate,Low NatGas Price,3936020.2892507445
deepdecarbonization_instaterps_lowngcost,2040,DD + 80% Instate,Low NatGas Price,625408.1424074635
deepdecarbonization_instaterps_lowngcost,2050,DD + 80% Instate,Low NatGas Price,1120846.7084098535
deepdecarbonization_instaterps_lowrecost,2030,DD + 80% Instate,Low RE/BESS Cost,4247540.832425133
deepdecarbonization_instaterps_lowrecost,2040,DD + 80% Instate,Low RE/BESS Cost,2158897.3399161804
deepdecarbonization_instaterps_lowrecost,2050,DD + 80% Instate,Low RE/BESS Cost,3356521.5913411966
deepdecarbonization_instaterps_mid,2030,DD + 80% Instate,Mid,3557757.482339034
deepdecarbonization_instaterps_mid,2040,DD + 80% Instate,Mid,1125009.230907502
deepdecarbonization_instaterps_mid,2050,DD + 80% Instate,Mid,971016.2935000213
deepdecarbonization_instaterps_noflexibleload,2030,DD + 80% Instate,No Flexible Load,5207376.59661003
deepdecarbonization_instaterps_noflexibleload,2040,DD + 80% Instate,No Flexible Load,1452037.4755013029
deepdecarbonization_instaterps_noflexibleload,2050,DD + 80% Instate,No Flexible Load,3355753.3653477924
deepdecarbonization_instaterps_nointertrans,2030,DD + 80% Instate,No Interregional Transmission Upgrade,3893011.860740093
deepdecarbonization_instaterps_nointertrans,2040,DD + 80% Instate,No Interregional Transmission Upgrade,1241901.0836147561
deepdecarbonization_instaterps_nointertrans,2050,DD + 80% Instate,No Interregional Transmission Upgrade,1184735.5468592884
deepdecarbonization_lowngcost,2030,Deep Decarbonization (DD),Low NatGas Price,3936546.733124446
deepdecarbonization_lowngcost,2040,Deep Decarbonization (DD),Low NatGas Price,650633.6156732092
deepdecarbonization_lowngcost,2050,Deep Decarbonization (DD),Low NatGas Price,1237246.5183724698
deepdecarbonization_lowrecost,2030,Deep Decarbonization (DD),Low RE/BESS Cost,4247542.279630439
deepdecarbonization_lowrecost,2040,Deep Decarbonization (DD),Low RE/BESS Cost,2190033.799714001
deepdecarbonization_lowrecost,2050,Deep Decarbonization (DD),Low RE/BESS Cost,3365096.0780550116
deepdecarbonization_mid,2030,Deep Decarbonization (DD),Mid,3557417.9256169247
deepdecarbonization_mid,2040,Deep Decarbonization (DD),Mid,1077595.4953250927
deepdecarbonization_mid,2050,Deep Decarbonization (DD),Mid,1129831.4248814979
deepdecarbonization_noflexibleload,2030,Deep Decarbonization (DD),No Flexible Load,5207866.669743544
deepdecarbonization_noflexibleload,2040,Deep Decarbonization (DD),No Flexible Load,1353452.3604668002
deepdecarbonization_noflexibleload,2050,Deep Decarbonization (DD),No Flexible Load,3885426.099985251
deepdecarbonization_nointertrans,2030,Deep Decarbonization (DD),No Interregional Transmission Upgrade,3891566.4485563654
deepdecarbonization_nointertrans,2040,Deep Decarbonization (DD),No Interregional Transmission Upgrade,1236157.168110883
deepdecarbonization_nointertrans,2050,Deep Decarbonization (DD),No Interregional Transmission Upgrade,1181685.0357404635
deepdecarbonization_nuclear_doublezcfcost,2030,DD + Nuclear,Doubled ZCF Fuel Price,3557417.9256169247
deepdecarbonization_nuclear_doublezcfcost,2040,DD + Nuclear,Doubled ZCF Fuel Price,1587641.1068786485
deepdecarbonization_nuclear_doublezcfcost,2050,DD + Nuclear,Doubled ZCF Fuel Price,2614433.321186215
deepdecarbonization_nuclear_highngcost,2030,DD + Nuclear,High NatGas Price,2105373.023481561
deepdecarbonization_nuclear_highngcost,2040,DD + Nuclear,High NatGas Price,1658936.6173677323
deepdecarbonization_nuclear_highngcost,2050,DD + Nuclear,High NatGas Price,1337985.3619907778
deepdecarbonization_nuclear_highrecost,2030,DD + Nuclear,High RE/BESS Cost,3947176.6467074826
deepdecarbonization_nuclear_highrecost,2040,DD + Nuclear,High RE/BESS Cost,448680.499138237
deepdecarbonization_nuclear_highrecost,2050,DD + Nuclear,High RE/BESS Cost,236173.16138752224
deepdecarbonization_nuclear_instaterps_doublezcfcost,2030,DD + Nuclear + 80% Instate,Doubled ZCF Fuel Price,3557757.482339034
deepdecarbonization_nuclear_instaterps_doublezcfcost,2040,DD + Nuclear + 80% Instate,Doubled ZCF Fuel Price,1590258.7835987126
deepdecarbonization_nuclear_instaterps_doublezcfcost,2050,DD + Nuclear + 80% Instate,Doubled ZCF Fuel Price,3594522.314180972
deepdecarbonization_nuclear_instaterps_highngcost,2030,DD + Nuclear + 80% Instate,High NatGas Price,2105335.6573465033
deepdecarbonization_nuclear_instaterps_highngcost,2040,DD + Nuclear + 80% Instate,High NatGas Price,1663005.6715812017
deepdecarbonization_nuclear_instaterps_highngcost,2050,DD + Nuclear + 80% Instate,High NatGas Price,1368709.387101709
deepdecarbonization_nuclear_instaterps_highrecost,2030,DD + Nuclear + 80% Instate,High RE/BESS Cost,3947117.240694539
deepdecarbonization_nuclear_instaterps_highrecost,2040,DD + Nuclear + 80% Instate,High RE/BESS Cost,420941.816196935
deepdecarbonization_nuclear_instaterps_highrecost,2050,DD + Nuclear + 80% Instate,High RE/BESS Cost,182985.82494361344
deepdecarbonization_nuclear_instaterps_lowngcost,2030,DD + Nuclear + 80% Instate,Low NatGas Price,3936020.2892507445
deepdecarbonization_nuclear_instaterps_lowngcost,2040,DD + Nuclear + 80% Instate,Low NatGas Price,625408.0859311589
deepdecarbonization_nuclear_instaterps_lowngcost,2050,DD + Nuclear + 80% Instate,Low NatGas Price,1120929.34030308
deepdecarbonization_nuclear_instaterps_lowrecost,2030,DD + Nuclear + 80% Instate,Low RE/BESS Cost,4247540.832425133
deepdecarbonization_nuclear_instaterps_lowrecost,2040,DD + Nuclear + 80% Instate,Low RE/BESS Cost,2158888.4378386615
deepdecarbonization_nuclear_instaterps_lowrecost,2050,DD + Nuclear + 80% Instate,Low RE/BESS Cost,3356193.3792967806
deepdecarbonization_nuclear_instaterps_mid,2030,DD + Nuclear + 80% Instate,Mid,3557757.482339034
deepdecarbonization_nuclear_instaterps_mid,2040,DD + Nuclear + 80% Instate,Mid,1125483.370663569
deepdecarbonization_nuclear_instaterps_mid,2050,DD + Nuclear + 80% Instate,Mid,970865.2758614141
deepdecarbonization_nuclear_instaterps_noflexibleload,2030,DD + Nuclear + 80% Instate,No Flexible Load,5207376.59661003
deepdecarbonization_nuclear_instaterps_noflexibleload,2040,DD + Nuclear + 80% Instate,No Flexible Load,1452304.4036956457
deepdecarbonization_nuclear_instaterps_noflexibleload,2050,DD + Nuclear + 80% Instate,No Flexible Load,3355771.105966987
deepdecarbonization_nuclear_instaterps_nointertrans,2030,DD + Nuclear + 80% Instate,No Interregional Transmission Upgrade,3893011.860740093
deepdecarbonization_nuclear_instaterps_nointertrans,2040,DD + Nuclear + 80% Instate,No Interregional Transmission Upgrade,1241897.7303341683
deepdecarbonization_nuclear_instaterps_nointertrans,2050,DD + Nuclear + 80% Instate,No Interregional Transmission Upgrade,1184755.814793116
deepdecarbonization_nuclear_lowngcost,2030,DD + Nuclear,Low NatGas Price,3936546.733124446
deepdecarbonization_nuclear_lowngcost,2040,DD + Nuclear,Low NatGas Price,650640.039852862
deepdecarbonization_nuclear_lowngcost,2050,DD + Nuclear,Low NatGas Price,1237160.1590431372
deepdecarbonization_nuclear_lowrecost,2030,DD + Nuclear,Low RE/BESS Cost,4247542.279630439
deepdecarbonization_nuclear_lowrecost,2040,DD + Nuclear,Low RE/BESS Cost,2190010.1432018946
deepdecarbonization_nuclear_lowrecost,2050,DD + Nuclear,Low RE/BESS Cost,3363945.1474427534
deepdecarbonization_nuclear_mid,2030,DD + Nuclear,Mid,3557417.9256169247
deepdecarbonization_nuclear_mid,2040,DD + Nuclear,Mid,1077594.9446811224
deepdecarbonization_nuclear_mid,2050,DD + Nuclear,Mid,1129869.722875582
deepdecarbonization_nuclear_noflexibleload,2030,DD + Nuclear,No Flexible Load,5207866.669743544
deepdecarbonization_nuclear_noflexibleload,2040,DD + Nuclear,No Flexible Load,1353504.3963219877
deepdecarbonization_nuclear_noflexibleload,2050,DD + Nuclear,No Flexible Load,3885446.494990764
deepdecarbonization_nuclear_nointertrans,2030,DD + Nuclear,No Interregional Transmission Upgrade,3891566.4485563654
deepdecarbonization_nuclear_nointertrans,2040,DD + Nuclear,No Interregional Transmission Upgrade,1236169.6211360563
deepdecarbonization_nuclear_nointertrans,2050,DD + Nuclear,No Interregional Transmission Upgrade,1181634.5106264248
statedpolicy_dgsolar_doublezcfcost,2030,SP + High Solar,Doubled ZCF Fuel Price,9841665.45475484
statedpolicy_dgsolar_doublezcfcost,2040,SP + High Solar,Doubled ZCF Fuel Price,14915433.170143045
statedpolicy_dgsolar_doublezcfcost,2050,SP + High Solar,Doubled ZCF Fuel Price,7235702.499881573
statedpolicy_dgsolar_highngcost,2030,SP + High Solar,High NatGas Price,5222198.3403806165
statedpolicy_dgsolar_highngcost,2040,SP + High Solar,High NatGas Price,8539652.974216826
statedpolicy_dgsolar_highngcost,2050,SP + High Solar,High NatGas Price,4481891.973568037
statedpolicy_dgsolar_highrecost,2030,SP + High Solar,High RE/BESS Cost,49417209.18250099
statedpolicy_dgsolar_highrecost,2040,SP + High Solar,High RE/BESS Cost,19680676.544696555
statedpolicy_dgsolar_highrecost,2050,SP + High Solar,High RE/BESS Cost,12313234.259309202
statedpolicy_dgsolar_instaterps_doublezcfcost,2030,SP + High Solar + 80% Instate,Doubled ZCF Fuel Price,9842250.081093583
statedpolicy_dgsolar_instaterps_doublezcfcost,2040,SP + High Solar + 80% Instate,Doubled ZCF Fuel Price,14419052.343328148
statedpolicy_dgsolar_instaterps_doublezcfcost,2050,SP + High Solar + 80% Instate,Doubled ZCF Fuel Price,7938949.953853085
statedpolicy_dgsolar_instaterps_highngcost,2030,SP + High Solar + 80% Instate,High NatGas Price,5222151.639136208
statedpolicy_dgsolar_instaterps_highngcost,2040,SP + High Solar + 80% Instate,High NatGas Price,8673217.543124955
statedpolicy_dgsolar_instaterps_highngcost,2050,SP + High Solar + 80% Instate,High NatGas Price,4688793.457454204
statedpolicy_dgsolar_instaterps_highrecost,2030,SP + High Solar + 80% Instate,High RE/BESS Cost,49417329.87133376
statedpolicy_dgsolar_instaterps_highrecost,2040,SP + High Solar + 80% Instate,High RE/BESS Cost,20115631.176280454
statedpolicy_dgsolar_instaterps_highrecost,2050,SP + High Solar + 80% Instate,High RE/BESS Cost,12774273.33712248
statedpolicy_dgsolar_instaterps_lowngcost,2030,SP + High Solar + 80% Instate,Low NatGas Price,39499156.45370929
statedpolicy_dgsolar_instaterps_lowngcost,2040,SP + High Solar + 80% Instate,Low NatGas Price,12584566.635366194
statedpolicy_dgsolar_instaterps_lowngcost,2050,SP + High Solar + 80% Instate,Low NatGas Price,12891324.793403655
statedpolicy_dgsolar_instaterps_lowrecost,2030,SP + High Solar + 80% Instate,Low RE/BESS Cost,4574503.8170216
statedpolicy_dgsolar_instaterps_lowrecost,2040,SP + High Solar + 80% Instate,Low RE/BESS Cost,5804668.625204479
statedpolicy_dgsolar_instaterps_lowrecost,2050,SP + High Solar + 80% Instate,Low RE/BESS Cost,4802409.400335059
statedpolicy_dgsolar_instaterps_mid,2030,SP + High Solar + 80% Instate,Mid,9842250.081093583
statedpolicy_dgsolar_instaterps_mid,2040,SP + High Solar + 80% Instate,Mid,11934761.73049597
statedpolicy_dgsolar_instaterps_mid,2050,SP + High Solar + 80% Instate,Mid,5108692.762870286
statedpolicy_dgsolar_instaterps_noflexibleload,2030,SP + High Solar + 80% Instate,No Flexible Load,6981131.579632504
statedpolicy_dgsolar_instaterps_noflexibleload,2040,SP + High Solar + 80% Instate,No Flexible Load,21664602.802356407
statedpolicy_dgsolar_instaterps_noflexibleload,2050,SP + High Solar + 80% Instate,No Flexible Load,25713604.566673134
statedpolicy_dgsolar_instaterps_nointertrans,2030,SP + High Solar + 80% Instate,No Interregional Transmission Upgrade,14922160.646290857
statedpolicy_dgsolar_instaterps_nointertrans,2040,SP + High Solar + 80% Instate,No Interregional Transmission Upgrade,24691810.05087074
statedpolicy_dgsolar_instaterps_nointertrans,2050,SP + High Solar + 80% Instate,No Interregional Transmission Upgrade,16012796.218342975
statedpolicy_dgsolar_lowngcost,2030,SP + High Solar,Low NatGas Price,39500443.34018396
statedpolicy_dgsolar_lowngcost,2040,SP + High Solar,Low NatGas Price,12677598.484501235
statedpolicy_dgsolar_lowngcost,2050,SP + High Solar,Low NatGas Price,12726870.865132172
statedpolicy_dgsolar_lowrecost,2030,SP + High Solar,Low RE/BESS Cost,4574481.864550864
statedpolicy_dgsolar_lowrecost,2040,SP + High Solar,Low RE/BESS Cost,6406679.378454514
statedpolicy_dgsolar_lowrecost,2050,SP + High Solar,Low RE/BESS Cost,4449691.856503464
statedpolicy_dgsolar_mid,2030,SP + High Solar,Mid,9841665.45475484
statedpolicy_dgsolar_mid,2040,SP + High Solar,Mid,12172408.377356496
statedpolicy_dgsolar_mid,2050,SP + High Solar,Mid,4249298.299251733
statedpolicy_dgsolar_noflexibleload,2030,SP + High Solar,No Flexible Load,6980580.807466672
statedpolicy_dgsolar_noflexibleload,2040,SP + High Solar,No Flexible Load,21305374.56354712
statedpolicy_dgsolar_noflexibleload,2050,SP + High Solar,No Flexible Load,25431641.769303925
statedpolicy_dgsolar_nointertrans,2030,SP + High Solar,No Interregional Transmission Upgrade,14922166.368263055
statedpolicy_dgsolar_nointertrans,2040,SP + High Solar,No Interregional Transmission Upgrade,24727054.963518687
statedpolicy_dgsolar_nointertrans,2050,SP + High Solar,No Interregional Transmission Upgrade,14716514.450969767
statedpolicy_dgsolar_nuclear_doublezcfcost,2030,SP + High Solar + Nuclear,Doubled ZCF Fuel Price,9841665.45475484
statedpolicy_dgsolar_nuclear_doublezcfcost,2040,SP + High Solar + Nuclear,Doubled ZCF Fuel Price,14148843.073927876
statedpolicy_dgsolar_nuclear_doublezcfcost,2050,SP + High Solar + Nuclear,Doubled ZCF Fuel Price,9698621.068399355
statedpolicy_dgsolar_nuclear_highngcost,2030,SP + High Solar + Nuclear,High NatGas Price,5222198.3403806165
statedpolicy_dgsolar_nuclear_highngcost,2040,SP + High Solar + Nuclear,High NatGas Price,8506463.901219126
statedpolicy_dgsolar_nuclear_highngcost,2050,SP + High Solar + Nuclear,High NatGas Price,4814964.161674242
statedpolicy_dgsolar_nuclear_highrecost,2030,SP + High Solar + Nuclear,High RE/BESS Cost,49417175.07954668
statedpolicy_dgsolar_nuclear_highrecost,2040,SP + High Solar + Nuclear,High RE/BESS Cost,20367125.72628717
statedpolicy_dgsolar_nuclear_highrecost,2050,SP + High Solar + Nuclear,High RE/BESS Cost,12996608.582717363
statedpolicy_dgsolar_nuclear_instaterps_doublezcfcost,2030,SP + High Solar + Nuclear + 80% Instate,Doubled ZCF Fuel Price,9842250.081093583
statedpolicy_dgsolar_nuclear_instaterps_doublezcfcost,2040,SP + High Solar + Nuclear + 80% Instate,Doubled ZCF Fuel Price,14149151.254660308
statedpolicy_dgsolar_nuclear_instaterps_doublezcfcost,2050,SP + High Solar + Nuclear + 80% Instate,Doubled ZCF Fuel Price,9938380.641000977
statedpolicy_dgsolar_nuclear_instaterps_highngcost,2030,SP + High Solar + Nuclear + 80% Instate,High NatGas Price,5222151.639136208
statedpolicy_dgsolar_nuclear_instaterps_highngcost,2040,SP + High Solar + Nuclear + 80% Instate,High NatGas Price,8506563.512750221
statedpolicy_dgsolar_nuclear_instaterps_highngcost,2050,SP + High Solar + Nuclear + 80% Instate,High NatGas Price,4776866.803588622
statedpolicy_dgsolar_nuclear_instaterps_highrecost,2030,SP + High Solar + Nuclear + 80% Instate,High RE/BESS Cost,49417329.87133376
statedpolicy_dgsolar_nuclear_instaterps_highrecost,2040,SP + High Solar + Nuclear + 80% Instate,High RE/BESS Cost,20367089.896541163
statedpolicy_dgsolar_nuclear_instaterps_highrecost,2050,SP + High Solar + Nuclear + 80% Instate,High RE/BESS Cost,13034858.97775924
statedpolicy_dgsolar_nuclear_instaterps_lowngcost,2030,SP + High Solar + Nuclear + 80% Instate,Low NatGas Price,39499156.45370929
statedpolicy_dgsolar_nuclear_instaterps_lowngcost,2040,SP + High Solar + Nuclear + 80% Instate,Low NatGas Price,13592895.363475047
statedpolicy_dgsolar_nuclear_instaterps_lowngcost,2050,SP + High Solar + Nuclear + 80% Instate,Low NatGas Price,13093120.352186982
statedpolicy_dgsolar_nuclear_instaterps_lowrecost,2030,SP + High Solar + Nuclear + 80% Instate,Low RE/BESS Cost,4574503.8170216
statedpolicy_dgsolar_nuclear_instaterps_lowrecost,2040,SP + High Solar + Nuclear + 80% Instate,Low RE/BESS Cost,5750993.074331433
statedpolicy_dgsolar_nuclear_instaterps_lowrecost,2050,SP + High Solar + Nuclear + 80% Instate,Low RE/BESS Cost,4766450.4088427015
statedpolicy_dgsolar_nuclear_instaterps_mid,2030,SP + High Solar + Nuclear + 80% Instate,Mid,9842250.081093583
statedpolicy_dgsolar_nuclear_instaterps_mid,2040,SP + High Solar + Nuclear + 80% Instate,Mid,11648334.214670474
statedpolicy_dgsolar_nuclear_instaterps_mid,2050,SP + High Solar + Nuclear + 80% Instate,Mid,4959900.748490417
statedpolicy_dgsolar_nuclear_instaterps_noflexibleload,2030,SP + High Solar + Nuclear + 80% Instate,No Flexible Load,6981131.579632504
statedpolicy_dgsolar_nuclear_instaterps_noflexibleload,2040,SP + High Solar + Nuclear + 80% Instate,No Flexible Load,23068439.943908677
statedpolicy_dgsolar_nuclear_instaterps_noflexibleload,2050,SP + High Solar + Nuclear + 80% Instate,No Flexible Load,26582893.580572966
statedpolicy_dgsolar_nuclear_instaterps_nointertrans,2030,SP + High Solar + Nuclear + 80% Instate,No Interregional Transmission Upgrade,14922160.646290857
statedpolicy_dgsolar_nuclear_instaterps_nointertrans,2040,SP + High Solar + Nuclear + 80% Instate,No Interregional Transmission Upgrade,24780815.71801146
statedpolicy_dgsolar_nuclear_instaterps_nointertrans,2050,SP + High Solar + Nuclear + 80% Instate,No Interregional Transmission Upgrade,16759319.26422662
statedpolicy_dgsolar_nuclear_lowngcost,2030,SP + High Solar + Nuclear,Low NatGas Price,39500443.34018396
statedpolicy_dgsolar_nuclear_lowngcost,2040,SP + High Solar + Nuclear,Low NatGas Price,13592941.005803376
statedpolicy_dgsolar_nuclear_lowngcost,2050,SP + High Solar + Nuclear,Low NatGas Price,13082312.155475538
statedpolicy_dgsolar_nuclear_lowrecost,2030,SP + High Solar + Nuclear,Low RE/BESS Cost,4574485.1584166
statedpolicy_dgsolar_nuclear_lowrecost,2040,SP + High Solar + Nuclear,Low RE/BESS Cost,5750977.940841798
statedpolicy_dgsolar_nuclear_lowrecost,2050,SP + High Solar + Nuclear,Low RE/BESS Cost,4712722.928176459
statedpolicy_dgsolar_nuclear_mid,2030,SP + High Solar + Nuclear,Mid,9841665.45475484
statedpolicy_dgsolar_nuclear_mid,2040,SP + High Solar + Nuclear,Mid,11648332.57348153
statedpolicy_dgsolar_nuclear_mid,2050,SP + High Solar + Nuclear,Mid,4964997.004129232
statedpolicy_dgsolar_nuclear_noflexibleload,2030,SP + High Solar + Nuclear,No Flexible Load,6980580.807466672
statedpolicy_dgsolar_nuclear_noflexibleload,2040,SP + High Solar + Nuclear,No Flexible Load,23068126.615025662
statedpolicy_dgsolar_nuclear_noflexibleload,2050,SP + High Solar + Nuclear,No Flexible Load,26576753.282243986
statedpolicy_dgsolar_nuclear_nointertrans,2030,SP + High Solar + Nuclear,No Interregional Transmission Upgrade,14922166.368263055
statedpolicy_dgsolar_nuclear_nointertrans,2040,SP + High Solar + Nuclear,No Interregional Transmission Upgrade,24780812.556563284
statedpolicy_dgsolar_nuclear_nointertrans,2050,SP + High Solar + Nuclear,No Interregional Transmission Upgrade,17031565.429452624
statedpolicy_doublezcfcost,2030,Stated Policy (SP),Doubled ZCF Fuel Price,7732183.427180644
statedpolicy_doublezcfcost,2040,Stated Policy (SP),Doubled ZCF Fuel Price,9653120.342453588
statedpolicy_doublezcfcost,2050,Stated Policy (SP),Doubled ZCF Fuel Price,3363441.1058365586
statedpolicy_highngcost,2030,Stated Policy (SP),High NatGas Price,4502053.311253646
statedpolicy_highngcost,2040,Stated Policy (SP),High NatGas Price,4807898.59293199
statedpolicy_highngcost,2050,Stated Policy (SP),High NatGas Price,1899030.9991817907
statedpolicy_highrecost,2030,Stated Policy (SP),High RE/BESS Cost,39947380.41706234
statedpolicy_highrecost,2040,Stated Policy (SP),High RE/BESS Cost,9702042.207156029
statedpolicy_highrecost,2050,Stated Policy (SP),High RE/BESS Cost,4055650.9321133634
statedpolicy_instaterps_doublezcfcost,2030,SP + 80% Instate,Doubled ZCF Fuel Price,7732358.927297313
statedpolicy_instaterps_doublezcfcost,2040,SP + 80% Instate,Doubled ZCF Fuel Price,8270473.968210755
statedpolicy_instaterps_doublezcfcost,2050,SP + 80% Instate,Doubled ZCF Fuel Price,3501184.278479348
statedpolicy_instaterps_highngcost,2030,SP + 80% Instate,High NatGas Price,4502024.571874122
statedpolicy_instaterps_highngcost,2040,SP + 80% Instate,High NatGas Price,4655885.114704451
statedpolicy_instaterps_highngcost,2050,SP + 80% Instate,High NatGas Price,1655922.0887145014
statedpolicy_instaterps_highrecost,2030,SP + 80% Instate,High RE/BESS Cost,39947631.87780876
statedpolicy_instaterps_highrecost,2040,SP + 80% Instate,High RE/BESS Cost,9309630.193975791
statedpolicy_instaterps_highrecost,2050,SP + 80% Instate,High RE/BESS Cost,3404499.1534046195
statedpolicy_instaterps_lowngcost,2030,SP + 80% Instate,Low NatGas Price,30755823.57420595
statedpolicy_instaterps_lowngcost,2040,SP + 80% Instate,Low NatGas Price,5910084.45017946
statedpolicy_instaterps_lowngcost,2050,SP + 80% Instate,Low NatGas Price,4256982.625749306
statedpolicy_instaterps_lowrecost,2030,SP + 80% Instate,Low RE/BESS Cost,5043200.296700764
statedpolicy_instaterps_lowrecost,2040,SP + 80% Instate,Low RE/BESS Cost,3318152.234739925
statedpolicy_instaterps_lowrecost,2050,SP + 80% Instate,Low RE/BESS Cost,1932673.432628635
statedpolicy_instaterps_mid,2030,SP + 80% Instate,Mid,7732358.927297313
statedpolicy_instaterps_mid,2040,SP + 80% Instate,Mid,6181868.611326512
statedpolicy_instaterps_mid,2050,SP + 80% Instate,Mid,1816611.456860837
statedpolicy_instaterps_noflexibleload,2030,SP + 80% Instate,No Flexible Load,6995621.375200584
statedpolicy_instaterps_noflexibleload,2040,SP + 80% Instate,No Flexible Load,11725402.423603114
statedpolicy_instaterps_noflexibleload,2050,SP + 80% Instate,No Flexible Load,2668724.691730917
statedpolicy_instaterps_nointertrans,2030,SP + 80% Instate,No Interregional Transmission Upgrade,16868794.5509077
statedpolicy_instaterps_nointertrans,2040,SP + 80% Instate,No Interregional Transmission Upgrade,10965265.757218238
statedpolicy_instaterps_nointertrans,2050,SP + 80% Instate,No Interregional Transmission Upgrade,6290646.181547848
statedpolicy_lowngcost,2030,Stated Policy (SP),Low NatGas Price,30755925.94456765
statedpolicy_lowngcost,2040,Stated Policy (SP),Low NatGas Price,6830537.119860696
statedpolicy_lowngcost,2050,Stated Policy (SP),Low NatGas Price,4618484.423208109
statedpolicy_lowrecost,2030,Stated Policy (SP),Low RE/BESS Cost,5043086.828745205
statedpolicy_lowrecost,2040,Stated Policy (SP),Low RE/BESS Cost,3960138.876362313
statedpolicy_lowrecost,2050,Stated Policy (SP),Low RE/BESS Cost,1390799.8089269423
statedpolicy_mid,2030,Stated Policy (SP),Mid,7732183.427180644
statedpolicy_mid,2040,Stated Policy (SP),Mid,6636568.700930646
statedpolicy_mid,2050,Stated Policy (SP),Mid,1869053.411976569
statedpolicy_noflexibleload,2030,Stated Policy (SP),No Flexible Load,6995710.311261315
statedpolicy_noflexibleload,2040,Stated Policy (SP),No Flexible Load,12069692.191840155
statedpolicy_noflexibleload,2050,Stated Policy (SP),No Flexible Load,2671582.1527214064
statedpolicy_nointertrans,2030,Stated Policy (SP),No Interregional Transmission Upgrade,16868609.252152175
statedpolicy_nointertrans,2040,Stated Policy (SP),No Interregional Transmission Upgrade,11967052.2263828
statedpolicy_nointertrans,2050,Stated Policy (SP),No Interregional Transmission Upgrade,6056702.026951857
statedpolicy_nuclear_doublezcfcost,2030,SP + Nuclear,Doubled ZCF Fuel Price,7732183.427180644
statedpolicy_nuclear_doublezcfcost,2040,SP + Nuclear,Doubled ZCF Fuel Price,9443231.401495822
statedpolicy_nuclear_doublezcfcost,2050,SP + Nuclear,Doubled ZCF Fuel Price,4451106.283921735
statedpolicy_nuclear_highngcost,2030,SP + Nuclear,High NatGas Price,4502053.311253646
statedpolicy_nuclear_highngcost,2040,SP + Nuclear,High NatGas Price,5196025.812415032
statedpolicy_nuclear_highngcost,2050,SP + Nuclear,High NatGas Price,2392704.6100688
statedpolicy_nuclear_highrecost,2030,SP + Nuclear,High RE/BESS Cost,39947065.51930675
statedpolicy_nuclear_highrecost,2040,SP + Nuclear,High RE/BESS Cost,10479051.684898382
statedpolicy_nuclear_highrecost,2050,SP + Nuclear,High RE/BESS Cost,4097312.174853132
statedpolicy_nuclear_instaterps_doublezcfcost,2030,SP + Nuclear + 80% Instate,Doubled ZCF Fuel Price,7732358.927297313
statedpolicy_nuclear_instaterps_doublezcfcost,2040,SP + Nuclear + 80% Instate,Doubled ZCF Fuel Price,7026988.328916715
statedpolicy_nuclear_instaterps_doublezcfcost,2050,SP + Nuclear + 80% Instate,Doubled ZCF Fuel Price,3875300.637461618
statedpolicy_nuclear_instaterps_highngcost,2030,SP + Nuclear + 80% Instate,High NatGas Price,4502024.571874122
statedpolicy_nuclear_instaterps_highngcost,2040,SP + Nuclear + 80% Instate,High NatGas Price,4972291.380636017
statedpolicy_nuclear_instaterps_highngcost,2050,SP + Nuclear + 80% Instate,High NatGas Price,1687709.910912349
statedpolicy_nuclear_instaterps_highrecost,2030,SP + Nuclear + 80% Instate,High RE/BESS Cost,39947631.87780876
statedpolicy_nuclear_instaterps_highrecost,2040,SP + Nuclear + 80% Instate,High RE/BESS Cost,9663451.595218612
statedpolicy_nuclear_instaterps_highrecost,2050,SP + Nuclear + 80% Instate,High RE/BESS Cost,4000799.7190203033
statedpolicy_nuclear_instaterps_lowngcost,2030,SP + Nuclear + 80% Instate,Low NatGas Price,30755823.57420595
statedpolicy_nuclear_instaterps_lowngcost,2040,SP + Nuclear + 80% Instate,Low NatGas Price,6400071.238482805
statedpolicy_nuclear_instaterps_lowngcost,2050,SP + Nuclear + 80% Instate,Low NatGas Price,4607606.409218789
statedpolicy_nuclear_instaterps_lowrecost,2030,SP + Nuclear + 80% Instate,Low RE/BESS Cost,5042942.913001906
statedpolicy_nuclear_instaterps_lowrecost,2040,SP + Nuclear + 80% Instate,Low RE/BESS Cost,3284648.2035371386
statedpolicy_nuclear_instaterps_lowrecost,2050,SP + Nuclear + 80% Instate,Low RE/BESS Cost,1780383.1852106696
statedpolicy_nuclear_instaterps_mid,2030,SP + Nuclear + 80% Instate,Mid,7732358.927297313
statedpolicy_nuclear_instaterps_mid,2040,SP + Nuclear + 80% Instate,Mid,6113608.0668534
statedpolicy_nuclear_instaterps_mid,2050,SP + Nuclear + 80% Instate,Mid,1611919.9243260187
statedpolicy_nuclear_instaterps_noflexibleload,2030,SP + Nuclear + 80% Instate,No Flexible Load,6995621.375200584
statedpolicy_nuclear_instaterps_noflexibleload,2040,SP + Nuclear + 80% Instate,No Flexible Load,11868316.051352462
statedpolicy_nuclear_instaterps_noflexibleload,2050,SP + Nuclear + 80% Instate,No Flexible Load,2674438.8230436305
statedpolicy_nuclear_instaterps_nointertrans,2030,SP + Nuclear + 80% Instate,No Interregional Transmission Upgrade,16868794.5509077
statedpolicy_nuclear_instaterps_nointertrans,2040,SP + Nuclear + 80% Instate,No Interregional Transmission Upgrade,10721410.33589668
statedpolicy_nuclear_instaterps_nointertrans,2050,SP + Nuclear + 80% Instate,No Interregional Transmission Upgrade,6435106.78705528
statedpolicy_nuclear_lowngcost,2030,SP + Nuclear,Low NatGas Price,30755925.94456765
statedpolicy_nuclear_lowngcost,2040,SP + Nuclear,Low NatGas Price,7134556.084918667
statedpolicy_nuclear_lowngcost,2050,SP + Nuclear,Low NatGas Price,4752653.394078223
statedpolicy_nuclear_lowrecost,2030,SP + Nuclear,Low RE/BESS Cost,5043086.828745205
statedpolicy_nuclear_lowrecost,2040,SP + Nuclear,Low RE/BESS Cost,4179246.769265218
statedpolicy_nuclear_lowrecost,2050,SP + Nuclear,Low RE/BESS Cost,1502790.5843816947
statedpolicy_nuclear_mid,2030,SP + Nuclear,Mid,7732183.427180644
statedpolicy_nuclear_mid,2040,SP + Nuclear,Mid,6568147.876704967
statedpolicy_nuclear_mid,2050,SP + Nuclear,Mid,1999609.8901394615
statedpolicy_nuclear_noflexibleload,2030,SP + Nuclear,No Flexible Load,6995710.311261315
statedpolicy_nuclear_noflexibleload,2040,SP + Nuclear,No Flexible Load,12290013.167528577
statedpolicy_nuclear_noflexibleload,2050,SP + Nuclear,No Flexible Load,2845680.4145564325
statedpolicy_nuclear_nointertrans,2030,SP + Nuclear,No Interregional Transmission Upgrade,16868609.252152175
statedpolicy_nuclear_nointertrans,2040,SP + Nuclear,No Interregional Transmission Upgrade,11981136.026031015
statedpolicy_nuclear_nointertrans,2050,SP + Nuclear,No Interregional Transmission Upgrade,7450523.092271821
