case,year,Scenario,TechSensitivity,rps_revenue
currentpolicy_doublezcfcost,2030,Current Policy (CP),Doubled ZCF Fuel Price,43708686
currentpolicy_doublezcfcost,2040,Current Policy (CP),Doubled ZCF Fuel Price,0
currentpolicy_doublezcfcost,2050,Current Policy (CP),Doubled ZCF Fuel Price,1430434
currentpolicy_highngcost,2030,Current Policy (CP),High NatGas Price,4693165
currentpolicy_highngcost,2040,Current Policy (CP),High NatGas Price,0
currentpolicy_highngcost,2050,Current Policy (CP),High NatGas Price,0
currentpolicy_highrecost,2030,Current Policy (CP),High RE/BESS Cost,79203770
currentpolicy_highrecost,2040,Current Policy (CP),High RE/BESS Cost,48447234
currentpolicy_highrecost,2050,Current Policy (CP),High RE/BESS Cost,16713903
currentpolicy_lowngcost,2030,Current Policy (CP),Low NatGas Price,65533292
currentpolicy_lowngcost,2040,Current Policy (CP),Low NatGas Price,27940635
currentpolicy_lowngcost,2050,Current Policy (CP),Low NatGas Price,28294126
currentpolicy_lowrecost,2030,Current Policy (CP),Low RE/BESS Cost,29342543
currentpolicy_lowrecost,2040,Current Policy (CP),Low RE/BESS Cost,0
currentpolicy_lowrecost,2050,Current Policy (CP),Low RE/BESS Cost,0
currentpolicy_mid,2030,Current Policy (CP),Mid,43708711
currentpolicy_mid,2040,Current Policy (CP),Mid,0
currentpolicy_mid,2050,Current Policy (CP),Mid,1976196
currentpolicy_noflexibleload,2030,Current Policy (CP),No Flexible Load,48326817
currentpolicy_noflexibleload,2040,Current Policy (CP),No Flexible Load,2356505
currentpolicy_noflexibleload,2050,Current Policy (CP),No Flexible Load,4416213
currentpolicy_nointertrans,2030,Current Policy (CP),No Interregional Transmission Upgrade,39984555
currentpolicy_nointertrans,2040,Current Policy (CP),No Interregional Transmission Upgrade,0
currentpolicy_nointertrans,2050,Current Policy (CP),No Interregional Transmission Upgrade,0
deepdecarbonization_dgsolar_doublezcfcost,2030,DD + High Solar,Doubled ZCF Fuel Price,0
deepdecarbonization_dgsolar_doublezcfcost,2040,DD + High Solar,Doubled ZCF Fuel Price,-38
deepdecarbonization_dgsolar_doublezcfcost,2050,DD + High Solar,Doubled ZCF Fuel Price,-63
deepdecarbonization_dgsolar_highngcost,2030,DD + High Solar,High NatGas Price,-2
deepdecarbonization_dgsolar_highngcost,2040,DD + High Solar,High NatGas Price,0
deepdecarbonization_dgsolar_highngcost,2050,DD + High Solar,High NatGas Price,-3
deepdecarbonization_dgsolar_highrecost,2030,DD + High Solar,High RE/BESS Cost,0
deepdecarbonization_dgsolar_highrecost,2040,DD + High Solar,High RE/BESS Cost,-2
deepdecarbonization_dgsolar_highrecost,2050,DD + High Solar,High RE/BESS Cost,-6
deepdecarbonization_dgsolar_instaterps_doublezcfcost,2030,DD + High Solar + 80% Instate,Doubled ZCF Fuel Price,-4
deepdecarbonization_dgsolar_instaterps_doublezcfcost,2040,DD + High Solar + 80% Instate,Doubled ZCF Fuel Price,-15
deepdecarbonization_dgsolar_instaterps_doublezcfcost,2050,DD + High Solar + 80% Instate,Doubled ZCF Fuel Price,2337
deepdecarbonization_dgsolar_instaterps_highngcost,2030,DD + High Solar + 80% Instate,High NatGas Price,0
deepdecarbonization_dgsolar_instaterps_highngcost,2040,DD + High Solar + 80% Instate,High NatGas Price,-3
deepdecarbonization_dgsolar_instaterps_highngcost,2050,DD + High Solar + 80% Instate,High NatGas Price,6484611
deepdecarbonization_dgsolar_instaterps_highrecost,2030,DD + High Solar + 80% Instate,High RE/BESS Cost,-1
deepdecarbonization_dgsolar_instaterps_highrecost,2040,DD + High Solar + 80% Instate,High RE/BESS Cost,-30
deepdecarbonization_dgsolar_instaterps_highrecost,2050,DD + High Solar + 80% Instate,High RE/BESS Cost,162666360
deepdecarbonization_dgsolar_instaterps_lowngcost,2030,DD + High Solar + 80% Instate,Low NatGas Price,-1
deepdecarbonization_dgsolar_instaterps_lowngcost,2040,DD + High Solar + 80% Instate,Low NatGas Price,-14
deepdecarbonization_dgsolar_instaterps_lowngcost,2050,DD + High Solar + 80% Instate,Low NatGas Price,6232608
deepdecarbonization_dgsolar_instaterps_lowrecost,2030,DD + High Solar + 80% Instate,Low RE/BESS Cost,-2
deepdecarbonization_dgsolar_instaterps_lowrecost,2040,DD + High Solar + 80% Instate,Low RE/BESS Cost,-7
deepdecarbonization_dgsolar_instaterps_lowrecost,2050,DD + High Solar + 80% Instate,Low RE/BESS Cost,-176
deepdecarbonization_dgsolar_instaterps_mid,2030,DD + High Solar + 80% Instate,Mid,-4
deepdecarbonization_dgsolar_instaterps_mid,2040,DD + High Solar + 80% Instate,Mid,-47
deepdecarbonization_dgsolar_instaterps_mid,2050,DD + High Solar + 80% Instate,Mid,8658
deepdecarbonization_dgsolar_instaterps_noflexibleload,2030,DD + High Solar + 80% Instate,No Flexible Load,-3
deepdecarbonization_dgsolar_instaterps_noflexibleload,2040,DD + High Solar + 80% Instate,No Flexible Load,-22
deepdecarbonization_dgsolar_instaterps_noflexibleload,2050,DD + High Solar + 80% Instate,No Flexible Load,-47
deepdecarbonization_dgsolar_instaterps_nointertrans,2030,DD + High Solar + 80% Instate,No Interregional Transmission Upgrade,-3
deepdecarbonization_dgsolar_instaterps_nointertrans,2040,DD + High Solar + 80% Instate,No Interregional Transmission Upgrade,-17
deepdecarbonization_dgsolar_instaterps_nointertrans,2050,DD + High Solar + 80% Instate,No Interregional Transmission Upgrade,300
deepdecarbonization_dgsolar_lowngcost,2030,DD + High Solar,Low NatGas Price,-2
deepdecarbonization_dgsolar_lowngcost,2040,DD + High Solar,Low NatGas Price,0
deepdecarbonization_dgsolar_lowngcost,2050,DD + High Solar,Low NatGas Price,-1
deepdecarbonization_dgsolar_lowrecost,2030,DD + High Solar,Low RE/BESS Cost,-1
deepdecarbonization_dgsolar_lowrecost,2040,DD + High Solar,Low RE/BESS Cost,0
deepdecarbonization_dgsolar_lowrecost,2050,DD + High Solar,Low RE/BESS Cost,-33
deepdecarbonization_dgsolar_mid,2030,DD + High Solar,Mid,0
deepdecarbonization_dgsolar_mid,2040,DD + High Solar,Mid,-4
deepdecarbonization_dgsolar_mid,2050,DD + High Solar,Mid,-18
deepdecarbonization_dgsolar_noflexibleload,2030,DD + High Solar,No Flexible Load,0
deepdecarbonization_dgsolar_noflexibleload,2040,DD + High Solar,No Flexible Load,-10
deepdecarbonization_dgsolar_noflexibleload,2050,DD + High Solar,No Flexible Load,-6
deepdecarbonization_dgsolar_nointertrans,2030,DD + High Solar,No Interregional Transmission Upgrade,-4
deepdecarbonization_dgsolar_nointertrans,2040,DD + High Solar,No Interregional Transmission Upgrade,-14
deepdecarbonization_dgsolar_nointertrans,2050,DD + High Solar,No Interregional Transmission Upgrade,-1
deepdecarbonization_dgsolar_nuclear_doublezcfcost,2030,DD + High Solar + Nuclear,Doubled ZCF Fuel Price,0
deepdecarbonization_dgsolar_nuclear_doublezcfcost,2040,DD + High Solar + Nuclear,Doubled ZCF Fuel Price,-18
deepdecarbonization_dgsolar_nuclear_doublezcfcost,2050,DD + High Solar + Nuclear,Doubled ZCF Fuel Price,-73
deepdecarbonization_dgsolar_nuclear_highngcost,2030,DD + High Solar + Nuclear,High NatGas Price,-2
deepdecarbonization_dgsolar_nuclear_highngcost,2040,DD + High Solar + Nuclear,High NatGas Price,-1
deepdecarbonization_dgsolar_nuclear_highngcost,2050,DD + High Solar + Nuclear,High NatGas Price,-3
deepdecarbonization_dgsolar_nuclear_highrecost,2030,DD + High Solar + Nuclear,High RE/BESS Cost,0
deepdecarbonization_dgsolar_nuclear_highrecost,2040,DD + High Solar + Nuclear,High RE/BESS Cost,-4
deepdecarbonization_dgsolar_nuclear_highrecost,2050,DD + High Solar + Nuclear,High RE/BESS Cost,-17
deepdecarbonization_dgsolar_nuclear_instaterps_doublezcfcost,2030,DD + High Solar + Nuclear + 80% Instate,Doubled ZCF Fuel Price,-4
deepdecarbonization_dgsolar_nuclear_instaterps_doublezcfcost,2040,DD + High Solar + Nuclear + 80% Instate,Doubled ZCF Fuel Price,-20
deepdecarbonization_dgsolar_nuclear_instaterps_doublezcfcost,2050,DD + High Solar + Nuclear + 80% Instate,Doubled ZCF Fuel Price,3139
deepdecarbonization_dgsolar_nuclear_instaterps_highngcost,2030,DD + High Solar + Nuclear + 80% Instate,High NatGas Price,0
deepdecarbonization_dgsolar_nuclear_instaterps_highngcost,2040,DD + High Solar + Nuclear + 80% Instate,High NatGas Price,-3
deepdecarbonization_dgsolar_nuclear_instaterps_highngcost,2050,DD + High Solar + Nuclear + 80% Instate,High NatGas Price,6499311
deepdecarbonization_dgsolar_nuclear_instaterps_highrecost,2030,DD + High Solar + Nuclear + 80% Instate,High RE/BESS Cost,-1
deepdecarbonization_dgsolar_nuclear_instaterps_highrecost,2040,DD + High Solar + Nuclear + 80% Instate,High RE/BESS Cost,-32
deepdecarbonization_dgsolar_nuclear_instaterps_highrecost,2050,DD + High Solar + Nuclear + 80% Instate,High RE/BESS Cost,162656286
deepdecarbonization_dgsolar_nuclear_instaterps_lowngcost,2030,DD + High Solar + Nuclear + 80% Instate,Low NatGas Price,-1
deepdecarbonization_dgsolar_nuclear_instaterps_lowngcost,2040,DD + High Solar + Nuclear + 80% Instate,Low NatGas Price,-21
deepdecarbonization_dgsolar_nuclear_instaterps_lowngcost,2050,DD + High Solar + Nuclear + 80% Instate,Low NatGas Price,6233618
deepdecarbonization_dgsolar_nuclear_instaterps_lowrecost,2030,DD + High Solar + Nuclear + 80% Instate,Low RE/BESS Cost,-2
deepdecarbonization_dgsolar_nuclear_instaterps_lowrecost,2040,DD + High Solar + Nuclear + 80% Instate,Low RE/BESS Cost,-6
deepdecarbonization_dgsolar_nuclear_instaterps_lowrecost,2050,DD + High Solar + Nuclear + 80% Instate,Low RE/BESS Cost,-77
deepdecarbonization_dgsolar_nuclear_instaterps_mid,2030,DD + High Solar + Nuclear + 80% Instate,Mid,-4
deepdecarbonization_dgsolar_nuclear_instaterps_mid,2040,DD + High Solar + Nuclear + 80% Instate,Mid,-44
deepdecarbonization_dgsolar_nuclear_instaterps_mid,2050,DD + High Solar + Nuclear + 80% Instate,Mid,11773
deepdecarbonization_dgsolar_nuclear_instaterps_noflexibleload,2030,DD + High Solar + Nuclear + 80% Instate,No Flexible Load,-3
deepdecarbonization_dgsolar_nuclear_instaterps_noflexibleload,2040,DD + High Solar + Nuclear + 80% Instate,No Flexible Load,-53
deepdecarbonization_dgsolar_nuclear_instaterps_noflexibleload,2050,DD + High Solar + Nuclear + 80% Instate,No Flexible Load,-17
deepdecarbonization_dgsolar_nuclear_instaterps_nointertrans,2030,DD + High Solar + Nuclear + 80% Instate,No Interregional Transmission Upgrade,-3
deepdecarbonization_dgsolar_nuclear_instaterps_nointertrans,2040,DD + High Solar + Nuclear + 80% Instate,No Interregional Transmission Upgrade,-23
deepdecarbonization_dgsolar_nuclear_instaterps_nointertrans,2050,DD + High Solar + Nuclear + 80% Instate,No Interregional Transmission Upgrade,297
deepdecarbonization_dgsolar_nuclear_lowngcost,2030,DD + High Solar + Nuclear,Low NatGas Price,-2
deepdecarbonization_dgsolar_nuclear_lowngcost,2040,DD + High Solar + Nuclear,Low NatGas Price,-1
deepdecarbonization_dgsolar_nuclear_lowngcost,2050,DD + High Solar + Nuclear,Low NatGas Price,-2
deepdecarbonization_dgsolar_nuclear_lowrecost,2030,DD + High Solar + Nuclear,Low RE/BESS Cost,-1
deepdecarbonization_dgsolar_nuclear_lowrecost,2040,DD + High Solar + Nuclear,Low RE/BESS Cost,0
deepdecarbonization_dgsolar_nuclear_lowrecost,2050,DD + High Solar + Nuclear,Low RE/BESS Cost,-21
deepdecarbonization_dgsolar_nuclear_mid,2030,DD + High Solar + Nuclear,Mid,0
deepdecarbonization_dgsolar_nuclear_mid,2040,DD + High Solar + Nuclear,Mid,-4
deepdecarbonization_dgsolar_nuclear_mid,2050,DD + High Solar + Nuclear,Mid,-12
deepdecarbonization_dgsolar_nuclear_noflexibleload,2030,DD + High Solar + Nuclear,No Flexible Load,0
deepdecarbonization_dgsolar_nuclear_noflexibleload,2040,DD + High Solar + Nuclear,No Flexible Load,-5
deepdecarbonization_dgsolar_nuclear_noflexibleload,2050,DD + High Solar + Nuclear,No Flexible Load,-5
deepdecarbonization_dgsolar_nuclear_nointertrans,2030,DD + High Solar + Nuclear,No Interregional Transmission Upgrade,-4
deepdecarbonization_dgsolar_nuclear_nointertrans,2040,DD + High Solar + Nuclear,No Interregional Transmission Upgrade,-11
deepdecarbonization_dgsolar_nuclear_nointertrans,2050,DD + High Solar + Nuclear,No Interregional Transmission Upgrade,-1
deepdecarbonization_doublezcfcost,2030,Deep Decarbonization (DD),Doubled ZCF Fuel Price,0
deepdecarbonization_doublezcfcost,2040,Deep Decarbonization (DD),Doubled ZCF Fuel Price,-2
deepdecarbonization_doublezcfcost,2050,Deep Decarbonization (DD),Doubled ZCF Fuel Price,-6
deepdecarbonization_highngcost,2030,Deep Decarbonization (DD),High NatGas Price,-1
deepdecarbonization_highngcost,2040,Deep Decarbonization (DD),High NatGas Price,0
deepdecarbonization_highngcost,2050,Deep Decarbonization (DD),High NatGas Price,-1
deepdecarbonization_highrecost,2030,Deep Decarbonization (DD),High RE/BESS Cost,-1
deepdecarbonization_highrecost,2040,Deep Decarbonization (DD),High RE/BESS Cost,-6
deepdecarbonization_highrecost,2050,Deep Decarbonization (DD),High RE/BESS Cost,0
deepdecarbonization_instaterps_doublezcfcost,2030,DD + 80% Instate,Doubled ZCF Fuel Price,-1
deepdecarbonization_instaterps_doublezcfcost,2040,DD + 80% Instate,Doubled ZCF Fuel Price,25442227
deepdecarbonization_instaterps_doublezcfcost,2050,DD + 80% Instate,Doubled ZCF Fuel Price,17179050
deepdecarbonization_instaterps_highngcost,2030,DD + 80% Instate,High NatGas Price,-1
deepdecarbonization_instaterps_highngcost,2040,DD + 80% Instate,High NatGas Price,24441681
deepdecarbonization_instaterps_highngcost,2050,DD + 80% Instate,High NatGas Price,23790320
deepdecarbonization_instaterps_highrecost,2030,DD + 80% Instate,High RE/BESS Cost,0
deepdecarbonization_instaterps_highrecost,2040,DD + 80% Instate,High RE/BESS Cost,47302537
deepdecarbonization_instaterps_highrecost,2050,DD + 80% Instate,High RE/BESS Cost,352061940
deepdecarbonization_instaterps_lowngcost,2030,DD + 80% Instate,Low NatGas Price,-2
deepdecarbonization_instaterps_lowngcost,2040,DD + 80% Instate,Low NatGas Price,24872125
deepdecarbonization_instaterps_lowngcost,2050,DD + 80% Instate,Low NatGas Price,66239438
deepdecarbonization_instaterps_lowrecost,2030,DD + 80% Instate,Low RE/BESS Cost,-2
deepdecarbonization_instaterps_lowrecost,2040,DD + 80% Instate,Low RE/BESS Cost,16229235
deepdecarbonization_instaterps_lowrecost,2050,DD + 80% Instate,Low RE/BESS Cost,-6
deepdecarbonization_instaterps_mid,2030,DD + 80% Instate,Mid,-1
deepdecarbonization_instaterps_mid,2040,DD + 80% Instate,Mid,24271455
deepdecarbonization_instaterps_mid,2050,DD + 80% Instate,Mid,47598839
deepdecarbonization_instaterps_noflexibleload,2030,DD + 80% Instate,No Flexible Load,-12
deepdecarbonization_instaterps_noflexibleload,2040,DD + 80% Instate,No Flexible Load,13831246
deepdecarbonization_instaterps_noflexibleload,2050,DD + 80% Instate,No Flexible Load,53615775
deepdecarbonization_instaterps_nointertrans,2030,DD + 80% Instate,No Interregional Transmission Upgrade,-3
deepdecarbonization_instaterps_nointertrans,2040,DD + 80% Instate,No Interregional Transmission Upgrade,15703476
deepdecarbonization_instaterps_nointertrans,2050,DD + 80% Instate,No Interregional Transmission Upgrade,57050727
deepdecarbonization_lowngcost,2030,Deep Decarbonization (DD),Low NatGas Price,0
deepdecarbonization_lowngcost,2040,Deep Decarbonization (DD),Low NatGas Price,-4
deepdecarbonization_lowngcost,2050,Deep Decarbonization (DD),Low NatGas Price,0
deepdecarbonization_lowrecost,2030,Deep Decarbonization (DD),Low RE/BESS Cost,-1
deepdecarbonization_lowrecost,2040,Deep Decarbonization (DD),Low RE/BESS Cost,0
deepdecarbonization_lowrecost,2050,Deep Decarbonization (DD),Low RE/BESS Cost,-5
deepdecarbonization_mid,2030,Deep Decarbonization (DD),Mid,0
deepdecarbonization_mid,2040,Deep Decarbonization (DD),Mid,-3
deepdecarbonization_mid,2050,Deep Decarbonization (DD),Mid,-3
deepdecarbonization_noflexibleload,2030,Deep Decarbonization (DD),No Flexible Load,0
deepdecarbonization_noflexibleload,2040,Deep Decarbonization (DD),No Flexible Load,-7
deepdecarbonization_noflexibleload,2050,Deep Decarbonization (DD),No Flexible Load,-12
deepdecarbonization_nointertrans,2030,Deep Decarbonization (DD),No Interregional Transmission Upgrade,-4
deepdecarbonization_nointertrans,2040,Deep Decarbonization (DD),No Interregional Transmission Upgrade,-1
deepdecarbonization_nointertrans,2050,Deep Decarbonization (DD),No Interregional Transmission Upgrade,0
deepdecarbonization_nuclear_doublezcfcost,2030,DD + Nuclear,Doubled ZCF Fuel Price,0
deepdecarbonization_nuclear_doublezcfcost,2040,DD + Nuclear,Doubled ZCF Fuel Price,-2
deepdecarbonization_nuclear_doublezcfcost,2050,DD + Nuclear,Doubled ZCF Fuel Price,-3
deepdecarbonization_nuclear_highngcost,2030,DD + Nuclear,High NatGas Price,-1
deepdecarbonization_nuclear_highngcost,2040,DD + Nuclear,High NatGas Price,0
deepdecarbonization_nuclear_highngcost,2050,DD + Nuclear,High NatGas Price,-5
deepdecarbonization_nuclear_highrecost,2030,DD + Nuclear,High RE/BESS Cost,-1
deepdecarbonization_nuclear_highrecost,2040,DD + Nuclear,High RE/BESS Cost,-5
deepdecarbonization_nuclear_highrecost,2050,DD + Nuclear,High RE/BESS Cost,-2
deepdecarbonization_nuclear_instaterps_doublezcfcost,2030,DD + Nuclear + 80% Instate,Doubled ZCF Fuel Price,-1
deepdecarbonization_nuclear_instaterps_doublezcfcost,2040,DD + Nuclear + 80% Instate,Doubled ZCF Fuel Price,25442100
deepdecarbonization_nuclear_instaterps_doublezcfcost,2050,DD + Nuclear + 80% Instate,Doubled ZCF Fuel Price,17182375
deepdecarbonization_nuclear_instaterps_highngcost,2030,DD + Nuclear + 80% Instate,High NatGas Price,-1
deepdecarbonization_nuclear_instaterps_highngcost,2040,DD + Nuclear + 80% Instate,High NatGas Price,24441607
deepdecarbonization_nuclear_instaterps_highngcost,2050,DD + Nuclear + 80% Instate,High NatGas Price,23794558
deepdecarbonization_nuclear_instaterps_highrecost,2030,DD + Nuclear + 80% Instate,High RE/BESS Cost,0
deepdecarbonization_nuclear_instaterps_highrecost,2040,DD + Nuclear + 80% Instate,High RE/BESS Cost,47302467
deepdecarbonization_nuclear_instaterps_highrecost,2050,DD + Nuclear + 80% Instate,High RE/BESS Cost,352055298
deepdecarbonization_nuclear_instaterps_lowngcost,2030,DD + Nuclear + 80% Instate,Low NatGas Price,-2
deepdecarbonization_nuclear_instaterps_lowngcost,2040,DD + Nuclear + 80% Instate,Low NatGas Price,24871976
deepdecarbonization_nuclear_instaterps_lowngcost,2050,DD + Nuclear + 80% Instate,Low NatGas Price,66241089
deepdecarbonization_nuclear_instaterps_lowrecost,2030,DD + Nuclear + 80% Instate,Low RE/BESS Cost,-2
deepdecarbonization_nuclear_instaterps_lowrecost,2040,DD + Nuclear + 80% Instate,Low RE/BESS Cost,16229213
deepdecarbonization_nuclear_instaterps_lowrecost,2050,DD + Nuclear + 80% Instate,Low RE/BESS Cost,-7
deepdecarbonization_nuclear_instaterps_mid,2030,DD + Nuclear + 80% Instate,Mid,-1
deepdecarbonization_nuclear_instaterps_mid,2040,DD + Nuclear + 80% Instate,Mid,24269992
deepdecarbonization_nuclear_instaterps_mid,2050,DD + Nuclear + 80% Instate,Mid,47605846
deepdecarbonization_nuclear_instaterps_noflexibleload,2030,DD + Nuclear + 80% Instate,No Flexible Load,-12
deepdecarbonization_nuclear_instaterps_noflexibleload,2040,DD + Nuclear + 80% Instate,No Flexible Load,13831225
deepdecarbonization_nuclear_instaterps_noflexibleload,2050,DD + Nuclear + 80% Instate,No Flexible Load,53610635
deepdecarbonization_nuclear_instaterps_nointertrans,2030,DD + Nuclear + 80% Instate,No Interregional Transmission Upgrade,-3
deepdecarbonization_nuclear_instaterps_nointertrans,2040,DD + Nuclear + 80% Instate,No Interregional Transmission Upgrade,15702966
deepdecarbonization_nuclear_instaterps_nointertrans,2050,DD + Nuclear + 80% Instate,No Interregional Transmission Upgrade,57055507
deepdecarbonization_nuclear_lowngcost,2030,DD + Nuclear,Low NatGas Price,0
deepdecarbonization_nuclear_lowngcost,2040,DD + Nuclear,Low NatGas Price,-3
deepdecarbonization_nuclear_lowngcost,2050,DD + Nuclear,Low NatGas Price,0
deepdecarbonization_nuclear_lowrecost,2030,DD + Nuclear,Low RE/BESS Cost,-1
deepdecarbonization_nuclear_lowrecost,2040,DD + Nuclear,Low RE/BESS Cost,0
deepdecarbonization_nuclear_lowrecost,2050,DD + Nuclear,Low RE/BESS Cost,-2
deepdecarbonization_nuclear_mid,2030,DD + Nuclear,Mid,0
deepdecarbonization_nuclear_mid,2040,DD + Nuclear,Mid,-1
deepdecarbonization_nuclear_mid,2050,DD + Nuclear,Mid,-1
deepdecarbonization_nuclear_noflexibleload,2030,DD + Nuclear,No Flexible Load,0
deepdecarbonization_nuclear_noflexibleload,2040,DD + Nuclear,No Flexible Load,-3
deepdecarbonization_nuclear_noflexibleload,2050,DD + Nuclear,No Flexible Load,-11
deepdecarbonization_nuclear_nointertrans,2030,DD + Nuclear,No Interregional Transmission Upgrade,-4
deepdecarbonization_nuclear_nointertrans,2040,DD + Nuclear,No Interregional Transmission Upgrade,-1
deepdecarbonization_nuclear_nointertrans,2050,DD + Nuclear,No Interregional Transmission Upgrade,0
statedpolicy_dgsolar_doublezcfcost,2030,SP + High Solar,Doubled ZCF Fuel Price,38728469
statedpolicy_dgsolar_doublezcfcost,2040,SP + High Solar,Doubled ZCF Fuel Price,4946606
statedpolicy_dgsolar_doublezcfcost,2050,SP + High Solar,Doubled ZCF Fuel Price,12434539
statedpolicy_dgsolar_highngcost,2030,SP + High Solar,High NatGas Price,1479639
statedpolicy_dgsolar_highngcost,2040,SP + High Solar,High NatGas Price,0
statedpolicy_dgsolar_highngcost,2050,SP + High Solar,High NatGas Price,0
statedpolicy_dgsolar_highrecost,2030,SP + High Solar,High RE/BESS Cost,77497241
statedpolicy_dgsolar_highrecost,2040,SP + High Solar,High RE/BESS Cost,131971009
statedpolicy_dgsolar_highrecost,2050,SP + High Solar,High RE/BESS Cost,72032391
statedpolicy_dgsolar_instaterps_doublezcfcost,2030,SP + High Solar + 80% Instate,Doubled ZCF Fuel Price,38727575
statedpolicy_dgsolar_instaterps_doublezcfcost,2040,SP + High Solar + 80% Instate,Doubled ZCF Fuel Price,157517333
statedpolicy_dgsolar_instaterps_doublezcfcost,2050,SP + High Solar + 80% Instate,Doubled ZCF Fuel Price,759529696
statedpolicy_dgsolar_instaterps_highngcost,2030,SP + High Solar + 80% Instate,High NatGas Price,1479732
statedpolicy_dgsolar_instaterps_highngcost,2040,SP + High Solar + 80% Instate,High NatGas Price,14172407
statedpolicy_dgsolar_instaterps_highngcost,2050,SP + High Solar + 80% Instate,High NatGas Price,783523321
statedpolicy_dgsolar_instaterps_highrecost,2030,SP + High Solar + 80% Instate,High RE/BESS Cost,77495349
statedpolicy_dgsolar_instaterps_highrecost,2040,SP + High Solar + 80% Instate,High RE/BESS Cost,271626566
statedpolicy_dgsolar_instaterps_highrecost,2050,SP + High Solar + 80% Instate,High RE/BESS Cost,995908713
statedpolicy_dgsolar_instaterps_lowngcost,2030,SP + High Solar + 80% Instate,Low NatGas Price,65773676
statedpolicy_dgsolar_instaterps_lowngcost,2040,SP + High Solar + 80% Instate,Low NatGas Price,346389044
statedpolicy_dgsolar_instaterps_lowngcost,2050,SP + High Solar + 80% Instate,Low NatGas Price,1251309913
statedpolicy_dgsolar_instaterps_lowrecost,2030,SP + High Solar + 80% Instate,Low RE/BESS Cost,21111931
statedpolicy_dgsolar_instaterps_lowrecost,2040,SP + High Solar + 80% Instate,Low RE/BESS Cost,192245681
statedpolicy_dgsolar_instaterps_lowrecost,2050,SP + High Solar + 80% Instate,Low RE/BESS Cost,958442430
statedpolicy_dgsolar_instaterps_mid,2030,SP + High Solar + 80% Instate,Mid,38727575
statedpolicy_dgsolar_instaterps_mid,2040,SP + High Solar + 80% Instate,Mid,160324501
statedpolicy_dgsolar_instaterps_mid,2050,SP + High Solar + 80% Instate,Mid,987374933
statedpolicy_dgsolar_instaterps_noflexibleload,2030,SP + High Solar + 80% Instate,No Flexible Load,41644560
statedpolicy_dgsolar_instaterps_noflexibleload,2040,SP + High Solar + 80% Instate,No Flexible Load,177389288
statedpolicy_dgsolar_instaterps_noflexibleload,2050,SP + High Solar + 80% Instate,No Flexible Load,1024616497
statedpolicy_dgsolar_instaterps_nointertrans,2030,SP + High Solar + 80% Instate,No Interregional Transmission Upgrade,39275892
statedpolicy_dgsolar_instaterps_nointertrans,2040,SP + High Solar + 80% Instate,No Interregional Transmission Upgrade,174112428
statedpolicy_dgsolar_instaterps_nointertrans,2050,SP + High Solar + 80% Instate,No Interregional Transmission Upgrade,1012011577
statedpolicy_dgsolar_lowngcost,2030,SP + High Solar,Low NatGas Price,65773111
statedpolicy_dgsolar_lowngcost,2040,SP + High Solar,Low NatGas Price,75448680
statedpolicy_dgsolar_lowngcost,2050,SP + High Solar,Low NatGas Price,102814131
statedpolicy_dgsolar_lowrecost,2030,SP + High Solar,Low RE/BESS Cost,21112043
statedpolicy_dgsolar_lowrecost,2040,SP + High Solar,Low RE/BESS Cost,-2
statedpolicy_dgsolar_lowrecost,2050,SP + High Solar,Low RE/BESS Cost,-7
statedpolicy_dgsolar_mid,2030,SP + High Solar,Mid,38728469
statedpolicy_dgsolar_mid,2040,SP + High Solar,Mid,5940518
statedpolicy_dgsolar_mid,2050,SP + High Solar,Mid,15600988
statedpolicy_dgsolar_noflexibleload,2030,SP + High Solar,No Flexible Load,41644972
statedpolicy_dgsolar_noflexibleload,2040,SP + High Solar,No Flexible Load,10491701
statedpolicy_dgsolar_noflexibleload,2050,SP + High Solar,No Flexible Load,25926717
statedpolicy_dgsolar_nointertrans,2030,SP + High Solar,No Interregional Transmission Upgrade,39275917
statedpolicy_dgsolar_nointertrans,2040,SP + High Solar,No Interregional Transmission Upgrade,0
statedpolicy_dgsolar_nointertrans,2050,SP + High Solar,No Interregional Transmission Upgrade,0
statedpolicy_dgsolar_nuclear_doublezcfcost,2030,SP + High Solar + Nuclear,Doubled ZCF Fuel Price,38728469
statedpolicy_dgsolar_nuclear_doublezcfcost,2040,SP + High Solar + Nuclear,Doubled ZCF Fuel Price,7921589
statedpolicy_dgsolar_nuclear_doublezcfcost,2050,SP + High Solar + Nuclear,Doubled ZCF Fuel Price,16368151
statedpolicy_dgsolar_nuclear_highngcost,2030,SP + High Solar + Nuclear,High NatGas Price,1479639
statedpolicy_dgsolar_nuclear_highngcost,2040,SP + High Solar + Nuclear,High NatGas Price,0
statedpolicy_dgsolar_nuclear_highngcost,2050,SP + High Solar + Nuclear,High NatGas Price,0
statedpolicy_dgsolar_nuclear_highrecost,2030,SP + High Solar + Nuclear,High RE/BESS Cost,77497113
statedpolicy_dgsolar_nuclear_highrecost,2040,SP + High Solar + Nuclear,High RE/BESS Cost,135140946
statedpolicy_dgsolar_nuclear_highrecost,2050,SP + High Solar + Nuclear,High RE/BESS Cost,73871791
statedpolicy_dgsolar_nuclear_instaterps_doublezcfcost,2030,SP + High Solar + Nuclear + 80% Instate,Doubled ZCF Fuel Price,38727575
statedpolicy_dgsolar_nuclear_instaterps_doublezcfcost,2040,SP + High Solar + Nuclear + 80% Instate,Doubled ZCF Fuel Price,7921396
statedpolicy_dgsolar_nuclear_instaterps_doublezcfcost,2050,SP + High Solar + Nuclear + 80% Instate,Doubled ZCF Fuel Price,165476981
statedpolicy_dgsolar_nuclear_instaterps_highngcost,2030,SP + High Solar + Nuclear + 80% Instate,High NatGas Price,1479732
statedpolicy_dgsolar_nuclear_instaterps_highngcost,2040,SP + High Solar + Nuclear + 80% Instate,High NatGas Price,0
statedpolicy_dgsolar_nuclear_instaterps_highngcost,2050,SP + High Solar + Nuclear + 80% Instate,High NatGas Price,214731181
statedpolicy_dgsolar_nuclear_instaterps_highrecost,2030,SP + High Solar + Nuclear + 80% Instate,High RE/BESS Cost,77495349
statedpolicy_dgsolar_nuclear_instaterps_highrecost,2040,SP + High Solar + Nuclear + 80% Instate,High RE/BESS Cost,135150772
statedpolicy_dgsolar_nuclear_instaterps_highrecost,2050,SP + High Solar + Nuclear + 80% Instate,High RE/BESS Cost,364116366
statedpolicy_dgsolar_nuclear_instaterps_lowngcost,2030,SP + High Solar + Nuclear + 80% Instate,Low NatGas Price,65773676
statedpolicy_dgsolar_nuclear_instaterps_lowngcost,2040,SP + High Solar + Nuclear + 80% Instate,Low NatGas Price,77179430
statedpolicy_dgsolar_nuclear_instaterps_lowngcost,2050,SP + High Solar + Nuclear + 80% Instate,Low NatGas Price,351915363
statedpolicy_dgsolar_nuclear_instaterps_lowrecost,2030,SP + High Solar + Nuclear + 80% Instate,Low RE/BESS Cost,21111931
statedpolicy_dgsolar_nuclear_instaterps_lowrecost,2040,SP + High Solar + Nuclear + 80% Instate,Low RE/BESS Cost,0
statedpolicy_dgsolar_nuclear_instaterps_lowrecost,2050,SP + High Solar + Nuclear + 80% Instate,Low RE/BESS Cost,109671638
statedpolicy_dgsolar_nuclear_instaterps_mid,2030,SP + High Solar + Nuclear + 80% Instate,Mid,38727575
statedpolicy_dgsolar_nuclear_instaterps_mid,2040,SP + High Solar + Nuclear + 80% Instate,Mid,9349689
statedpolicy_dgsolar_nuclear_instaterps_mid,2050,SP + High Solar + Nuclear + 80% Instate,Mid,231925794
statedpolicy_dgsolar_nuclear_instaterps_noflexibleload,2030,SP + High Solar + Nuclear + 80% Instate,No Flexible Load,41644560
statedpolicy_dgsolar_nuclear_instaterps_noflexibleload,2040,SP + High Solar + Nuclear + 80% Instate,No Flexible Load,12670598
statedpolicy_dgsolar_nuclear_instaterps_noflexibleload,2050,SP + High Solar + Nuclear + 80% Instate,No Flexible Load,229202375
statedpolicy_dgsolar_nuclear_instaterps_nointertrans,2030,SP + High Solar + Nuclear + 80% Instate,No Interregional Transmission Upgrade,39275892
statedpolicy_dgsolar_nuclear_instaterps_nointertrans,2040,SP + High Solar + Nuclear + 80% Instate,No Interregional Transmission Upgrade,0
statedpolicy_dgsolar_nuclear_instaterps_nointertrans,2050,SP + High Solar + Nuclear + 80% Instate,No Interregional Transmission Upgrade,163645894
statedpolicy_dgsolar_nuclear_lowngcost,2030,SP + High Solar + Nuclear,Low NatGas Price,65773111
statedpolicy_dgsolar_nuclear_lowngcost,2040,SP + High Solar + Nuclear,Low NatGas Price,77178471
statedpolicy_dgsolar_nuclear_lowngcost,2050,SP + High Solar + Nuclear,Low NatGas Price,105927855
statedpolicy_dgsolar_nuclear_lowrecost,2030,SP + High Solar + Nuclear,Low RE/BESS Cost,21112177
statedpolicy_dgsolar_nuclear_lowrecost,2040,SP + High Solar + Nuclear,Low RE/BESS Cost,-1
statedpolicy_dgsolar_nuclear_lowrecost,2050,SP + High Solar + Nuclear,Low RE/BESS Cost,-3
statedpolicy_dgsolar_nuclear_mid,2030,SP + High Solar + Nuclear,Mid,38728469
statedpolicy_dgsolar_nuclear_mid,2040,SP + High Solar + Nuclear,Mid,9349616
statedpolicy_dgsolar_nuclear_mid,2050,SP + High Solar + Nuclear,Mid,20100800
statedpolicy_dgsolar_nuclear_noflexibleload,2030,SP + High Solar + Nuclear,No Flexible Load,41644972
statedpolicy_dgsolar_nuclear_noflexibleload,2040,SP + High Solar + Nuclear,No Flexible Load,12669416
statedpolicy_dgsolar_nuclear_noflexibleload,2050,SP + High Solar + Nuclear,No Flexible Load,29659882
statedpolicy_dgsolar_nuclear_nointertrans,2030,SP + High Solar + Nuclear,No Interregional Transmission Upgrade,39275917
statedpolicy_dgsolar_nuclear_nointertrans,2040,SP + High Solar + Nuclear,No Interregional Transmission Upgrade,0
statedpolicy_dgsolar_nuclear_nointertrans,2050,SP + High Solar + Nuclear,No Interregional Transmission Upgrade,0
statedpolicy_doublezcfcost,2030,Stated Policy (SP),Doubled ZCF Fuel Price,29763871
statedpolicy_doublezcfcost,2040,Stated Policy (SP),Doubled ZCF Fuel Price,3881380
statedpolicy_doublezcfcost,2050,Stated Policy (SP),Doubled ZCF Fuel Price,8597943
statedpolicy_highngcost,2030,Stated Policy (SP),High NatGas Price,1923431
statedpolicy_highngcost,2040,Stated Policy (SP),High NatGas Price,0
statedpolicy_highngcost,2050,Stated Policy (SP),High NatGas Price,0
statedpolicy_highrecost,2030,Stated Policy (SP),High RE/BESS Cost,55829797
statedpolicy_highrecost,2040,Stated Policy (SP),High RE/BESS Cost,58055183
statedpolicy_highrecost,2050,Stated Policy (SP),High RE/BESS Cost,30543558
statedpolicy_instaterps_doublezcfcost,2030,SP + 80% Instate,Doubled ZCF Fuel Price,29763754
statedpolicy_instaterps_doublezcfcost,2040,SP + 80% Instate,Doubled ZCF Fuel Price,74747548
statedpolicy_instaterps_doublezcfcost,2050,SP + 80% Instate,Doubled ZCF Fuel Price,378719650
statedpolicy_instaterps_highngcost,2030,SP + 80% Instate,High NatGas Price,1923484
statedpolicy_instaterps_highngcost,2040,SP + 80% Instate,High NatGas Price,72230294
statedpolicy_instaterps_highngcost,2050,SP + 80% Instate,High NatGas Price,314510989
statedpolicy_instaterps_highrecost,2030,SP + 80% Instate,High RE/BESS Cost,55829726
statedpolicy_instaterps_highrecost,2040,SP + 80% Instate,High RE/BESS Cost,169814065
statedpolicy_instaterps_highrecost,2050,SP + 80% Instate,High RE/BESS Cost,744203029
statedpolicy_instaterps_lowngcost,2030,SP + 80% Instate,Low NatGas Price,47138152
statedpolicy_instaterps_lowngcost,2040,SP + 80% Instate,Low NatGas Price,143480176
statedpolicy_instaterps_lowngcost,2050,SP + 80% Instate,Low NatGas Price,443673210
statedpolicy_instaterps_lowrecost,2030,SP + 80% Instate,Low RE/BESS Cost,17203488
statedpolicy_instaterps_lowrecost,2040,SP + 80% Instate,Low RE/BESS Cost,82651483
statedpolicy_instaterps_lowrecost,2050,SP + 80% Instate,Low RE/BESS Cost,324512568
statedpolicy_instaterps_mid,2030,SP + 80% Instate,Mid,29763754
statedpolicy_instaterps_mid,2040,SP + 80% Instate,Mid,78403649
statedpolicy_instaterps_mid,2050,SP + 80% Instate,Mid,396543657
statedpolicy_instaterps_noflexibleload,2030,SP + 80% Instate,No Flexible Load,32645349
statedpolicy_instaterps_noflexibleload,2040,SP + 80% Instate,No Flexible Load,86498497
statedpolicy_instaterps_noflexibleload,2050,SP + 80% Instate,No Flexible Load,361216990
statedpolicy_instaterps_nointertrans,2030,SP + 80% Instate,No Interregional Transmission Upgrade,28453163
statedpolicy_instaterps_nointertrans,2040,SP + 80% Instate,No Interregional Transmission Upgrade,76160461
statedpolicy_instaterps_nointertrans,2050,SP + 80% Instate,No Interregional Transmission Upgrade,389269845
statedpolicy_lowngcost,2030,Stated Policy (SP),Low NatGas Price,47138396
statedpolicy_lowngcost,2040,Stated Policy (SP),Low NatGas Price,32815703
statedpolicy_lowngcost,2050,Stated Policy (SP),Low NatGas Price,39099483
statedpolicy_lowrecost,2030,Stated Policy (SP),Low RE/BESS Cost,17202955
statedpolicy_lowrecost,2040,Stated Policy (SP),Low RE/BESS Cost,0
statedpolicy_lowrecost,2050,Stated Policy (SP),Low RE/BESS Cost,-2
statedpolicy_mid,2030,Stated Policy (SP),Mid,29763871
statedpolicy_mid,2040,Stated Policy (SP),Mid,4197846
statedpolicy_mid,2050,Stated Policy (SP),Mid,8487610
statedpolicy_noflexibleload,2030,Stated Policy (SP),No Flexible Load,32643889
statedpolicy_noflexibleload,2040,Stated Policy (SP),No Flexible Load,5992917
statedpolicy_noflexibleload,2050,Stated Policy (SP),No Flexible Load,12914693
statedpolicy_nointertrans,2030,Stated Policy (SP),No Interregional Transmission Upgrade,28452491
statedpolicy_nointertrans,2040,Stated Policy (SP),No Interregional Transmission Upgrade,1007399
statedpolicy_nointertrans,2050,Stated Policy (SP),No Interregional Transmission Upgrade,1438681
statedpolicy_nuclear_doublezcfcost,2030,SP + Nuclear,Doubled ZCF Fuel Price,29763871
statedpolicy_nuclear_doublezcfcost,2040,SP + Nuclear,Doubled ZCF Fuel Price,5156975
statedpolicy_nuclear_doublezcfcost,2050,SP + Nuclear,Doubled ZCF Fuel Price,10503066
statedpolicy_nuclear_highngcost,2030,SP + Nuclear,High NatGas Price,1923431
statedpolicy_nuclear_highngcost,2040,SP + Nuclear,High NatGas Price,0
statedpolicy_nuclear_highngcost,2050,SP + Nuclear,High NatGas Price,0
statedpolicy_nuclear_highrecost,2030,SP + Nuclear,High RE/BESS Cost,55828656
statedpolicy_nuclear_highrecost,2040,SP + Nuclear,High RE/BESS Cost,58798908
statedpolicy_nuclear_highrecost,2050,SP + Nuclear,High RE/BESS Cost,31337118
statedpolicy_nuclear_instaterps_doublezcfcost,2030,SP + Nuclear + 80% Instate,Doubled ZCF Fuel Price,29763754
statedpolicy_nuclear_instaterps_doublezcfcost,2040,SP + Nuclear + 80% Instate,Doubled ZCF Fuel Price,86322249
statedpolicy_nuclear_instaterps_doublezcfcost,2050,SP + Nuclear + 80% Instate,Doubled ZCF Fuel Price,346371916
statedpolicy_nuclear_instaterps_highngcost,2030,SP + Nuclear + 80% Instate,High NatGas Price,1923484
statedpolicy_nuclear_instaterps_highngcost,2040,SP + Nuclear + 80% Instate,High NatGas Price,79001237
statedpolicy_nuclear_instaterps_highngcost,2050,SP + Nuclear + 80% Instate,High NatGas Price,306898898
statedpolicy_nuclear_instaterps_highrecost,2030,SP + Nuclear + 80% Instate,High RE/BESS Cost,55829726
statedpolicy_nuclear_instaterps_highrecost,2040,SP + Nuclear + 80% Instate,High RE/BESS Cost,176901888
statedpolicy_nuclear_instaterps_highrecost,2050,SP + Nuclear + 80% Instate,High RE/BESS Cost,693097653
statedpolicy_nuclear_instaterps_lowngcost,2030,SP + Nuclear + 80% Instate,Low NatGas Price,47138152
statedpolicy_nuclear_instaterps_lowngcost,2040,SP + Nuclear + 80% Instate,Low NatGas Price,129080919
statedpolicy_nuclear_instaterps_lowngcost,2050,SP + Nuclear + 80% Instate,Low NatGas Price,444018724
statedpolicy_nuclear_instaterps_lowrecost,2030,SP + Nuclear + 80% Instate,Low RE/BESS Cost,17203346
statedpolicy_nuclear_instaterps_lowrecost,2040,SP + Nuclear + 80% Instate,Low RE/BESS Cost,57817220
statedpolicy_nuclear_instaterps_lowrecost,2050,SP + Nuclear + 80% Instate,Low RE/BESS Cost,254317344
statedpolicy_nuclear_instaterps_mid,2030,SP + Nuclear + 80% Instate,Mid,29763754
statedpolicy_nuclear_instaterps_mid,2040,SP + Nuclear + 80% Instate,Mid,88905212
statedpolicy_nuclear_instaterps_mid,2050,SP + Nuclear + 80% Instate,Mid,383324492
statedpolicy_nuclear_instaterps_noflexibleload,2030,SP + Nuclear + 80% Instate,No Flexible Load,32645349
statedpolicy_nuclear_instaterps_noflexibleload,2040,SP + Nuclear + 80% Instate,No Flexible Load,94439026
statedpolicy_nuclear_instaterps_noflexibleload,2050,SP + Nuclear + 80% Instate,No Flexible Load,357812639
statedpolicy_nuclear_instaterps_nointertrans,2030,SP + Nuclear + 80% Instate,No Interregional Transmission Upgrade,28453163
statedpolicy_nuclear_instaterps_nointertrans,2040,SP + Nuclear + 80% Instate,No Interregional Transmission Upgrade,79386989
statedpolicy_nuclear_instaterps_nointertrans,2050,SP + Nuclear + 80% Instate,No Interregional Transmission Upgrade,375581453
statedpolicy_nuclear_lowngcost,2030,SP + Nuclear,Low NatGas Price,47138396
statedpolicy_nuclear_lowngcost,2040,SP + Nuclear,Low NatGas Price,33881384
statedpolicy_nuclear_lowngcost,2050,SP + Nuclear,Low NatGas Price,39369545
statedpolicy_nuclear_lowrecost,2030,SP + Nuclear,Low RE/BESS Cost,17202955
statedpolicy_nuclear_lowrecost,2040,SP + Nuclear,Low RE/BESS Cost,0
statedpolicy_nuclear_lowrecost,2050,SP + Nuclear,Low RE/BESS Cost,-1
statedpolicy_nuclear_mid,2030,SP + Nuclear,Mid,29763871
statedpolicy_nuclear_mid,2040,SP + Nuclear,Mid,5297523
statedpolicy_nuclear_mid,2050,SP + Nuclear,Mid,10794205
statedpolicy_nuclear_noflexibleload,2030,SP + Nuclear,No Flexible Load,32643889
statedpolicy_nuclear_noflexibleload,2040,SP + Nuclear,No Flexible Load,7432859
statedpolicy_nuclear_noflexibleload,2050,SP + Nuclear,No Flexible Load,15101636
statedpolicy_nuclear_nointertrans,2030,SP + Nuclear,No Interregional Transmission Upgrade,28452491
statedpolicy_nuclear_nointertrans,2040,SP + Nuclear,No Interregional Transmission Upgrade,1729359
statedpolicy_nuclear_nointertrans,2050,SP + Nuclear,No Interregional Transmission Upgrade,4236872
